http://115.124.125.42/Tolls/api/2119/u,"2016-06-22 14:55:59","{""user_email"":""demotollr@mail.com"",""password"":""asdf"",""firstname"":""Demo"",""lastname"":""Test"",""mobile_number"":""9701137222"",""address1"":""Abc"",""address2"":""Xfg"",""zipcode"":""500025"",""state"":""TS"",""city"":""Hyderabad"",""timezone"":""Asia\/Calcutta"",""app_version"":""1.6.3"",""language_id"":1,""otp"":5380,""address_name"":""Home"",""address_type"":1,""mobile"":""9701137222"",""user_id"":235}","{""Code"":200,""Info"":{""language_name"":null}}"
http://115.124.125.42/Tolls/api/2119/uv,"2016-06-22 15:33:00","{""user_id"":""235"",""registration_no"":""AP16FH85855"",""owner_name"":""Fhfc"",""vechical_nickname"":""RICH"",""vechical_type_id"":""2"",""timezone"":""Asia\/Calcutta"",""vechical_make"":""MAR"",""use_type"":""2""}","{""Code"":200,""Info"":[{}],""Message"":""file uploaded successfully""}"
http://115.124.125.42/Tolls/api/2119/u/l,"2016-06-22 15:08:11","{""username"":""demotollr@mail.com"",""password"":""asdf"",""timezone"":""Asia\/Calcutta"",""app_version"":""1.6.4""}","{""Code"":200,""Info"":{""user_details"":{""user_id"":235,""firstname"":""Demo"",""lastname"":""Test"",""mobile_number"":""9701137222"",""user_email"":""demotollr@mail.com"",""profile_pic"":"""",""driving_licence"":null,""access_token"":""2444a33cd9e76a98d9aaf4fbb82bd1572ddbb967ecab5f3f088ae69d146acaf3"",""language_id"":""English"",""language"":""English"",""login_status"":2,""amount"":null},""extra_payments"":[],""user_location_details"":[{""user_id"":""235"",""address_name"":""Home"",""address1"":""Abc"",""address2"":""Xfg"",""zipcode"":""500025"",""state"":""TS"",""city"":""Hyderabad"",""phone"":"""",""mobile"":""9701137222"",""lat"":null,""lng"":null,""address_type"":""1""}],""vehicle_details"":[{""vechical_id"":""235VID_AP16FH85855"",""user_id"":""235"",""vechical_nickname"":""RICH"",""vechical_make"":""MAR"",""registration_no"":""AP16FH85855"",""vechical_type_id"":""2"",""vechical_registrated_under"":null,""vechical_RC_pic"":null,""vechical_bumper_pic"":null,""created_on"":""2016-06-22 15:00:33"",""use_type"":""2"",""owner_name"":""Fhfc"",""status"":""1""}],""monthly_pass"":[],""langauges_list"":[{""lagunage_id"":""1"",""laguage_name"":""English"",""short"":""en"",""status"":""10""},{""lagunage_id"":""2"",""laguage_name"":""German"",""short"":""de"",""status"":""10""},{""lagunage_id"":""3"",""laguage_name"":""French"",""short"":""fr"",""status"":""10""},{""lagunage_id"":""4"",""laguage_name"":""Dutch"",""short"":""nl"",""status"":""10""},{""lagunage_id"":""5"",""laguage_name"":""Italian"",""short"":""it"",""status"":""10""},{""lagunage_id"":""6"",""laguage_name"":""Spanish"",""short"":""es"",""status"":""10""},{""lagunage_id"":""7"",""laguage_name"":""Polish"",""short"":""pl"",""status"":""10""},{""lagunage_id"":""8"",""laguage_name"":""Russian"",""short"":""ru"",""status"":""10""},{""lagunage_id"":""9"",""laguage_name"":""Japanese"",""short"":""ja"",""status"":""10""},{""lagunage_id"":""10"",""laguage_name"":""Portuguese"",""short"":""pt"",""status"":""10""},{""lagunage_id"":""11"",""laguage_name"":""Swedish"",""short"":""sv"",""status"":""10""},{""lagunage_id"":""12"",""laguage_name"":""Chinese"",""short"":""zh"",""status"":""10""},{""lagunage_id"":""13"",""laguage_name"":""Catalan"",""short"":""ca"",""status"":""10""},{""lagunage_id"":""14"",""laguage_name"":""Ukrainian"",""short"":""uk"",""status"":""10""},{""lagunage_id"":""15"",""laguage_name"":""Norwegian (Bokm\u00e5l)"",""short"":""no"",""status"":""10""},{""lagunage_id"":""16"",""laguage_name"":""Finnish"",""short"":""fi"",""status"":""10""},{""lagunage_id"":""17"",""laguage_name"":""Vietnamese"",""short"":""vi"",""status"":""10""},{""lagunage_id"":""18"",""laguage_name"":""Czech"",""short"":""cs"",""status"":""10""},{""lagunage_id"":""19"",""laguage_name"":""Hungarian"",""short"":""hu"",""status"":""10""},{""lagunage_id"":""20"",""laguage_name"":""Korean"",""short"":""ko"",""status"":""10""},{""lagunage_id"":""21"",""laguage_name"":""Indonesian"",""short"":""id"",""status"":""10""},{""lagunage_id"":""22"",""laguage_name"":""Turkish"",""short"":""tr"",""status"":""10""},{""lagunage_id"":""23"",""laguage_name"":""Romanian"",""short"":""ro"",""status"":""10""},{""lagunage_id"":""24"",""laguage_name"":""Persian"",""short"":""fa"",""status"":""10""},{""lagunage_id"":""25"",""laguage_name"":""Arabic"",""short"":""ar"",""status"":""10""},{""lagunage_id"":""26"",""laguage_name"":""Danish"",""short"":""da"",""status"":""10""},{""lagunage_id"":""27"",""laguage_name"":""Esperanto"",""short"":""eo"",""status"":""10""},{""lagunage_id"":""28"",""laguage_name"":""Serbian"",""short"":""sr"",""status"":""10""},{""lagunage_id"":""29"",""laguage_name"":""Lithuanian"",""short"":""lt"",""status"":""10""},{""lagunage_id"":""30"",""laguage_name"":""Slovak"",""short"":""sk"",""status"":""10""},{""lagunage_id"":""31"",""laguage_name"":""Malay"",""short"":""ms"",""status"":""10""},{""lagunage_id"":""32"",""laguage_name"":""Hebrew"",""short"":""he"",""status"":""10""},{""lagunage_id"":""33"",""laguage_name"":""Bulgarian"",""short"":""bg"",""status"":""10""},{""lagunage_id"":""34"",""laguage_name"":""Slovenian"",""short"":""sl"",""status"":""10""},{""lagunage_id"":""35"",""laguage_name"":""Volap\u00fck"",""short"":""vo"",""status"":""10""},{""lagunage_id"":""36"",""laguage_name"":""Kazakh"",""short"":""kk"",""status"":""10""},{""lagunage_id"":""37"",""laguage_name"":""Waray-Waray"",""short"":""war"",""status"":""10""},{""lagunage_id"":""38"",""laguage_name"":""Basque"",""short"":""eu"",""status"":""10""},{""lagunage_id"":""39"",""laguage_name"":""Croatian"",""short"":""hr"",""status"":""10""},{""lagunage_id"":""40"",""laguage_name"":""Hindi"",""short"":""hi"",""status"":""10""},{""lagunage_id"":""41"",""laguage_name"":""Estonian"",""short"":""et"",""status"":""10""},{""lagunage_id"":""42"",""laguage_name"":""Azerbaijani"",""short"":""az"",""status"":""10""},{""lagunage_id"":""43"",""laguage_name"":""Galician"",""short"":""gl"",""status"":""10""},{""lagunage_id"":""44"",""laguage_name"":""Simple English"",""short"":""simple"",""status"":""10""},{""lagunage_id"":""45"",""laguage_name"":""Norwegian (Nynorsk)"",""short"":""nn"",""status"":""10""},{""lagunage_id"":""46"",""laguage_name"":""Thai"",""short"":""th"",""status"":""10""},{""lagunage_id"":""47"",""laguage_name"":""Newar \/ Nepal Bhasa"",""short"":""new"",""status"":""10""},{""lagunage_id"":""48"",""laguage_name"":""Greek"",""short"":""el"",""status"":""10""},{""lagunage_id"":""49"",""laguage_name"":""Aromanian"",""short"":""roa-rup"",""status"":""10""},{""lagunage_id"":""50"",""laguage_name"":""Latin"",""short"":""la"",""status"":""10""},{""lagunage_id"":""51"",""laguage_name"":""Occitan"",""short"":""oc"",""status"":""10""},{""lagunage_id"":""52"",""laguage_name"":""Tagalog"",""short"":""tl"",""status"":""10""},{""lagunage_id"":""53"",""laguage_name"":""Haitian"",""short"":""ht"",""status"":""10""},{""lagunage_id"":""54"",""laguage_name"":""Macedonian"",""short"":""mk"",""status"":""10""},{""lagunage_id"":""55"",""laguage_name"":""Georgian"",""short"":""ka"",""status"":""10""},{""lagunage_id"":""56"",""laguage_name"":""Serbo-Croatian"",""short"":""sh"",""status"":""10""},{""lagunage_id"":""57"",""laguage_name"":""Telugu"",""short"":""te"",""status"":""10""},{""lagunage_id"":""58"",""laguage_name"":""Piedmontese"",""short"":""pms"",""status"":""10""},{""lagunage_id"":""59"",""laguage_name"":""Cebuano"",""short"":""ceb"",""status"":""10""},{""lagunage_id"":""60"",""laguage_name"":""Tamil"",""short"":""ta"",""status"":""10""},{""lagunage_id"":""61"",""laguage_name"":""Belarusian (Tara\u0161kievica)"",""short"":""be-x-old"",""status"":""10""},{""lagunage_id"":""62"",""laguage_name"":""Breton"",""short"":""br"",""status"":""10""},{""lagunage_id"":""63"",""laguage_name"":""Latvian"",""short"":""lv"",""status"":""10""},{""lagunage_id"":""64"",""laguage_name"":""Javanese"",""short"":""jv"",""status"":""10""},{""lagunage_id"":""65"",""laguage_name"":""Albanian"",""short"":""sq"",""status"":""10""},{""lagunage_id"":""66"",""laguage_name"":""Belarusian"",""short"":""be"",""status"":""10""},{""lagunage_id"":""67"",""laguage_name"":""Marathi"",""short"":""mr"",""status"":""10""},{""lagunage_id"":""68"",""laguage_name"":""Welsh"",""short"":""cy"",""status"":""10""},{""lagunage_id"":""69"",""laguage_name"":""Luxembourgish"",""short"":""lb"",""status"":""10""},{""lagunage_id"":""70"",""laguage_name"":""Icelandic"",""short"":""is"",""status"":""10""},{""lagunage_id"":""71"",""laguage_name"":""Bosnian"",""short"":""bs"",""status"":""10""},{""lagunage_id"":""72"",""laguage_name"":""Yoruba"",""short"":""yo"",""status"":""10""},{""lagunage_id"":""73"",""laguage_name"":""Malagasy"",""short"":""mg"",""status"":""10""},{""lagunage_id"":""74"",""laguage_name"":""Aragonese"",""short"":""an"",""status"":""10""},{""lagunage_id"":""75"",""laguage_name"":""Bishnupriya Manipuri"",""short"":""bpy"",""status"":""10""},{""lagunage_id"":""76"",""laguage_name"":""Lombard"",""short"":""lmo"",""status"":""10""},{""lagunage_id"":""77"",""laguage_name"":""West Frisian"",""short"":""fy"",""status"":""10""},{""lagunage_id"":""78"",""laguage_name"":""Bengali"",""short"":""bn"",""status"":""10""},{""lagunage_id"":""79"",""laguage_name"":""Ido"",""short"":""io"",""status"":""10""},{""lagunage_id"":""80"",""laguage_name"":""Swahili"",""short"":""sw"",""status"":""10""},{""lagunage_id"":""81"",""laguage_name"":""Gujarati"",""short"":""gu"",""status"":""10""},{""lagunage_id"":""82"",""laguage_name"":""Malayalam"",""short"":""ml"",""status"":""10""},{""lagunage_id"":""83"",""laguage_name"":""Western Panjabi"",""short"":""pnb"",""status"":""10""},{""lagunage_id"":""84"",""laguage_name"":""Afrikaans"",""short"":""af"",""status"":""10""},{""lagunage_id"":""85"",""laguage_name"":""Low Saxon"",""short"":""nds"",""status"":""10""},{""lagunage_id"":""86"",""laguage_name"":""Sicilian"",""short"":""scn"",""status"":""10""},{""lagunage_id"":""87"",""laguage_name"":""Urdu"",""short"":""ur"",""status"":""10""},{""lagunage_id"":""88"",""laguage_name"":""Kurdish"",""short"":""ku"",""status"":""10""},{""lagunage_id"":""89"",""laguage_name"":""Cantonese"",""short"":""zh-yue"",""status"":""10""},{""lagunage_id"":""90"",""laguage_name"":""Armenian"",""short"":""hy"",""status"":""10""},{""lagunage_id"":""91"",""laguage_name"":""Quechua"",""short"":""qu"",""status"":""10""},{""lagunage_id"":""92"",""laguage_name"":""Sundanese"",""short"":""su"",""status"":""10""},{""lagunage_id"":""93"",""laguage_name"":""Nepali"",""short"":""ne"",""status"":""10""},{""lagunage_id"":""94"",""laguage_name"":""Zazaki"",""short"":""diq"",""status"":""10""},{""lagunage_id"":""95"",""laguage_name"":""Asturian"",""short"":""ast"",""status"":""10""},{""lagunage_id"":""96"",""laguage_name"":""Tatar"",""short"":""tt"",""status"":""10""},{""lagunage_id"":""97"",""laguage_name"":""Neapolitan"",""short"":""nap"",""status"":""10""},{""lagunage_id"":""98"",""laguage_name"":""Irish"",""short"":""ga"",""status"":""10""},{""lagunage_id"":""99"",""laguage_name"":""Chuvash"",""short"":""cv"",""status"":""10""},{""lagunage_id"":""100"",""laguage_name"":""Samogitian"",""short"":""bat-smg"",""status"":""10""},{""lagunage_id"":""101"",""laguage_name"":""Walloon"",""short"":""wa"",""status"":""10""},{""lagunage_id"":""102"",""laguage_name"":""Amharic"",""short"":""am"",""status"":""10""},{""lagunage_id"":""103"",""laguage_name"":""Kannada"",""short"":""kn"",""status"":""10""},{""lagunage_id"":""104"",""laguage_name"":""Alemannic"",""short"":""als"",""status"":""10""},{""lagunage_id"":""105"",""laguage_name"":""Buginese"",""short"":""bug"",""status"":""10""},{""lagunage_id"":""106"",""laguage_name"":""Burmese"",""short"":""my"",""status"":""10""},{""lagunage_id"":""107"",""laguage_name"":""Interlingua"",""short"":""ia"",""status"":""10""}],""vechical_types"":[{""vechical_types_id"":""1"",""type"":""Bike"",""description"":"""",""status"":""10""},{""vechical_types_id"":""2"",""type"":""Car\/Jeep\/Van"",""description"":"""",""status"":""10""},{""vechical_types_id"":""3"",""type"":""LCV"",""description"":"""",""status"":""10""},{""vechical_types_id"":""4"",""type"":""Bus\/Truck"",""description"":"""",""status"":""10""},{""vechical_types_id"":""5"",""type"":""Upto 3 Axle Vehicle"",""description"":"""",""status"":""10""},{""vechical_types_id"":""6"",""type"":""4 to 6 Axle "",""description"":"""",""status"":""10""},{""vechical_types_id"":""7"",""type"":""HCM\/EME "",""description"":"""",""status"":""10""},{""vechical_types_id"":""8"",""type"":""7 or more Axle "",""description"":"""",""status"":""10""}]}}"
http://115.124.125.42/Tolls/api/2119/t/calternative,"2016-06-22 15:11:43","{""vechical_id"":""235VID_AP16FH85855"",""vechical_type"":""1"",""user_id"":""235"",""trip_type"":""1"",""latlng"":""[{\"overview_polyline\":[{\"lat\":17.42294,\"lng\":78.42916000000001},{\"lat\":17.423540000000003,\"lng\":78.42915},{\"lat\":17.42405,\"lng\":78.42916000000001},{\"lat\":17.42397,\"lng\":78.42880000000001},{\"lat\":17.42385,\"lng\":78.42841},{\"lat\":17.423750000000002,\"lng\":78.42815},{\"lat\":17.42361,\"lng\":78.42778000000001},{\"lat\":17.42322,\"lng\":78.42683000000001},{\"lat\":17.423060000000003,\"lng\":78.42654},{\"lat\":17.42296,\"lng\":78.42647000000001},{\"lat\":17.42311,\"lng\":78.42598000000001},{\"lat\":17.424210000000002,\"lng\":78.42297},{\"lat\":17.42509,\"lng\":78.42062},{\"lat\":17.42556,\"lng\":78.41927000000001},{\"lat\":17.425970000000003,\"lng\":78.41815000000001},{\"lat\":17.426250000000003,\"lng\":78.41734000000001},{\"lat\":17.42638,\"lng\":78.41691},{\"lat\":17.426450000000003,\"lng\":78.4166},{\"lat\":17.42648,\"lng\":78.41633},{\"lat\":17.426470000000002,\"lng\":78.41559000000001},{\"lat\":17.426080000000002,\"lng\":78.41516},{\"lat\":17.42583,\"lng\":78.41495},{\"lat\":17.42549,\"lng\":78.41470000000001},{\"lat\":17.42521,\"lng\":78.41447000000001},{\"lat\":17.42493,\"lng\":78.41421000000001},{\"lat\":17.424210000000002,\"lng\":78.41351},{\"lat\":17.42379,\"lng\":78.41325},{\"lat\":17.42367,\"lng\":78.41314000000001},{\"lat\":17.423560000000002,\"lng\":78.41300000000001},{\"lat\":17.42339,\"lng\":78.41258},{\"lat\":17.423170000000002,\"lng\":78.41182},{\"lat\":17.423090000000002,\"lng\":78.41165000000001},{\"lat\":17.422990000000002,\"lng\":78.41146},{\"lat\":17.42292,\"lng\":78.4114},{\"lat\":17.42226,\"lng\":78.41117000000001},{\"lat\":17.42153,\"lng\":78.41092},{\"lat\":17.421290000000003,\"lng\":78.41091},{\"lat\":17.421210000000002,\"lng\":78.41095},{\"lat\":17.42117,\"lng\":78.41081000000001},{\"lat\":17.42126,\"lng\":78.41078},{\"lat\":17.42134,\"lng\":78.41077},{\"lat\":17.42145,\"lng\":78.41078},{\"lat\":17.4224,\"lng\":78.41109}],\"route_id\":1},{\"overview_polyline\":[{\"lat\":17.42294,\"lng\":78.42916000000001},{\"lat\":17.422530000000002,\"lng\":78.42917000000001},{\"lat\":17.42264,\"lng\":78.42881000000001},{\"lat\":17.422700000000003,\"lng\":78.42852},{\"lat\":17.422710000000002,\"lng\":78.42838},{\"lat\":17.422700000000003,\"lng\":78.42825},{\"lat\":17.42263,\"lng\":78.42793},{\"lat\":17.42257,\"lng\":78.42774},{\"lat\":17.42248,\"lng\":78.42760000000001},{\"lat\":17.42169,\"lng\":78.42844000000001},{\"lat\":17.421400000000002,\"lng\":78.42865},{\"lat\":17.42068,\"lng\":78.42902000000001},{\"lat\":17.42051,\"lng\":78.42906},{\"lat\":17.419810000000002,\"lng\":78.42901},{\"lat\":17.41967,\"lng\":78.42905},{\"lat\":17.41935,\"lng\":78.42923},{\"lat\":17.419120000000003,\"lng\":78.42935},{\"lat\":17.418930000000003,\"lng\":78.42938000000001},{\"lat\":17.418840000000003,\"lng\":78.42938000000001},{\"lat\":17.41832,\"lng\":78.42937},{\"lat\":17.417710000000003,\"lng\":78.42928},{\"lat\":17.41752,\"lng\":78.42923},{\"lat\":17.41732,\"lng\":78.42914},{\"lat\":17.417260000000002,\"lng\":78.4291},{\"lat\":17.417240000000003,\"lng\":78.4291},{\"lat\":17.41721,\"lng\":78.4291},{\"lat\":17.417150000000003,\"lng\":78.42909},{\"lat\":17.417070000000002,\"lng\":78.42903000000001},{\"lat\":17.41704,\"lng\":78.42893000000001},{\"lat\":17.417070000000002,\"lng\":78.42881000000001},{\"lat\":17.41711,\"lng\":78.42877},{\"lat\":17.417150000000003,\"lng\":78.42875000000001},{\"lat\":17.41728,\"lng\":78.42841},{\"lat\":17.417450000000002,\"lng\":78.42807},{\"lat\":17.41749,\"lng\":78.42796000000001},{\"lat\":17.41748,\"lng\":78.42781000000001},{\"lat\":17.4174,\"lng\":78.42761},{\"lat\":17.416990000000002,\"lng\":78.42694},{\"lat\":17.41667,\"lng\":78.4265},{\"lat\":17.41639,\"lng\":78.42628},{\"lat\":17.41601,\"lng\":78.42608000000001},{\"lat\":17.415770000000002,\"lng\":78.42597},{\"lat\":17.41468,\"lng\":78.42559},{\"lat\":17.41465,\"lng\":78.4256},{\"lat\":17.41459,\"lng\":78.4256},{\"lat\":17.414540000000002,\"lng\":78.42559},{\"lat\":17.414450000000002,\"lng\":78.42552},{\"lat\":17.41442,\"lng\":78.42540000000001},{\"lat\":17.414440000000003,\"lng\":78.42534},{\"lat\":17.41418,\"lng\":78.42457},{\"lat\":17.41414,\"lng\":78.42427},{\"lat\":17.41414,\"lng\":78.42405000000001},{\"lat\":17.414270000000002,\"lng\":78.42335000000001},{\"lat\":17.414430000000003,\"lng\":78.42283},{\"lat\":17.41457,\"lng\":78.42252},{\"lat\":17.414920000000002,\"lng\":78.42174},{\"lat\":17.415010000000002,\"lng\":78.42163000000001},{\"lat\":17.41514,\"lng\":78.42154000000001},{\"lat\":17.415670000000002,\"lng\":78.42127},{\"lat\":17.4161,\"lng\":78.42104},{\"lat\":17.41628,\"lng\":78.42086},{\"lat\":17.416310000000003,\"lng\":78.42074000000001},{\"lat\":17.41629,\"lng\":78.42045},{\"lat\":17.41619,\"lng\":78.42022},{\"lat\":17.41601,\"lng\":78.41984000000001},{\"lat\":17.415960000000002,\"lng\":78.41962000000001},{\"lat\":17.415960000000002,\"lng\":78.41944000000001},{\"lat\":17.41598,\"lng\":78.41931000000001},{\"lat\":17.416140000000002,\"lng\":78.41877000000001},{\"lat\":17.416240000000002,\"lng\":78.41851000000001},{\"lat\":17.41635,\"lng\":78.41831},{\"lat\":17.41674,\"lng\":78.41781},{\"lat\":17.41682,\"lng\":78.41766000000001},{\"lat\":17.416890000000002,\"lng\":78.41739000000001},{\"lat\":17.417,\"lng\":78.41686},{\"lat\":17.4173,\"lng\":78.41553},{\"lat\":17.41759,\"lng\":78.41436},{\"lat\":17.417650000000002,\"lng\":78.41415},{\"lat\":17.4177,\"lng\":78.41405},{\"lat\":17.41814,\"lng\":78.41341000000001},{\"lat\":17.418580000000002,\"lng\":78.41284},{\"lat\":17.41862,\"lng\":78.4128},{\"lat\":17.41879,\"lng\":78.41269000000001},{\"lat\":17.41926,\"lng\":78.41249},{\"lat\":17.419690000000003,\"lng\":78.41232000000001},{\"lat\":17.41993,\"lng\":78.41216},{\"lat\":17.42095,\"lng\":78.41104},{\"lat\":17.42108,\"lng\":78.41089000000001},{\"lat\":17.42113,\"lng\":78.41085000000001},{\"lat\":17.42126,\"lng\":78.41078},{\"lat\":17.421380000000003,\"lng\":78.41077},{\"lat\":17.42151,\"lng\":78.41079},{\"lat\":17.4224,\"lng\":78.41109}],\"route_id\":2}]"",""timezone"":""Asia\/Calcutta""}","{""Code"":""200"",""Info"":[{""route_id"":1,""total_cost"":1,""tolls"":[{""title"":""Steel Gym, Jubilee Hills, Hyderabad, Telangana, India"",""toll_name"":""Test_plaza_Rdno1_jubliee_hills"",""latitude"":""17.422521"",""longitude"":""78.411173"",""toll_id"":""63"",""monthly_type_id"":""1"",""monthly_type_name"":""Not Applicable"",""monthly_type_description"":""This toll dont have "",""trip_cost"":""1"",""single_trip_cost"":""1"",""round_trip_cost"":""1"",""monthly_cost"":""2"",""dista"":""0.03752611288607128"",""monthly_pass_activity"":""NO"",""reference_points"":""[{ \"lat\":17.420783,\"lng\":78.411283,\"direction_id\":125},{ \"lat\":17.421522,\"lng\":78.410834,\"direction_id\":125},{ \"lat\":17.423253,\"lng\":78.411891,\"direction_id\":126},{ \"lat\":17.423693,\"lng\":78.413064,\"direction_id\":126}]"",""distance"":1.8777701229433}]},{""route_id"":2,""total_cost"":5,""tolls"":[{""title"":""BN Reddy Colony, Banjara Hills, Hyderabad, Telangana, India"",""toll_name"":""Test Toll2"",""latitude"":""17.419606155521"",""longitude"":""78.429032066439"",""toll_id"":""2"",""monthly_type_id"":""2"",""monthly_type_name"":""30 Days"",""monthly_type_description"":""From date purchase to 30days"",""trip_cost"":""1"",""single_trip_cost"":""1"",""round_trip_cost"":""2"",""monthly_cost"":""10"",""dista"":""0.014160084975778335"",""monthly_pass_activity"":""NO"",""reference_points"":""[{ \"lat\":17.422454,\"lng\":78.427564,\"direction_id\":49},{ \"lat\":17.421412,\"lng\":78.428630,\"direction_id\":49},{ \"lat\":17.418578,\"lng\":78.429346,\"direction_id\":50},{ \"lat\":17.417500,\"lng\":78.429116,\"direction_id\":50}]"",""distance"":0.34838699929845},{""title"":""TRS Bhava, Kasu Brahmananda Reddy National Park, Jubilee Hills, Hyderabad, Telangana, India"",""toll_name"":""TRS Bhava Tolls Plaza"",""latitude"":""17.415706"",""longitude"":""78.425823"",""toll_id"":""48"",""monthly_type_id"":""1"",""monthly_type_name"":""Not Applicable"",""monthly_type_description"":""This toll dont have "",""trip_cost"":""1"",""single_trip_cost"":""1"",""round_trip_cost"":""2"",""monthly_cost"":""12"",""dista"":""0.026987795002133833"",""monthly_pass_activity"":""NO"",""reference_points"":""[{ \"lat\":17.417546,\"lng\":78.427833,\"direction_id\":98},{ \"lat\":17.416833,\"lng\":78.426615,\"direction_id\":98},{ \"lat\":17.414565,\"lng\":78.425373,\"direction_id\":97},{ \"lat\":17.414201,\"lng\":78.423883,\"direction_id\":97}]"",""distance"":0.83696385926562},{""title"":""Mylan Laboratories Limited, Hyderabad, Telangana, India"",""toll_name"":""MYLAN_LAB_TEST_PLAZA"",""latitude"":""17.416023"",""longitude"":""78.41971"",""toll_id"":""59"",""monthly_type_id"":""1"",""monthly_type_name"":""Not Applicable"",""monthly_type_description"":""This toll dont have "",""trip_cost"":""1"",""single_trip_cost"":""1"",""round_trip_cost"":""2"",""monthly_cost"":""1"",""dista"":""0.03554922206401537"",""monthly_pass_activity"":""NO"",""reference_points"":""[{ \"lat\":17.414619,\"lng\":78.422520,\"direction_id\":119},{ \"lat\":17.416109,\"lng\":78.421083,\"direction_id\":119},{ \"lat\":17.416265,\"lng\":78.418567,\"direction_id\":120},{ \"lat\":17.416921,\"lng\":78.417444,\"direction_id\":120}]"",""distance"":1.2094815408161},{""title"":""Bubbles Hair & Beauty, Hyderabad, Telangana, India"",""toll_name"":""Bubbles _test_plaza"",""latitude"":""17.418027"",""longitude"":""78.413616"",""toll_id"":""62"",""monthly_type_id"":""1"",""monthly_type_name"":""Not Applicable"",""monthly_type_description"":""This toll dont have "",""trip_cost"":""1"",""single_trip_cost"":""1"",""round_trip_cost"":""1"",""monthly_cost"":""2"",""dista"":""0.05760045019021322"",""monthly_pass_activity"":""NO"",""reference_points"":""[{ \"lat\":17.417308,\"lng\":78.415717,\"direction_id\":124},{ \"lat\":17.417594,\"lng\":78.414542,\"direction_id\":124},{ \"lat\":17.418860,\"lng\":78.412701,\"direction_id\":123},{ \"lat\":17.420029,\"lng\":78.412120,\"direction_id\":123}]"",""distance"":1.6790381748643},{""title"":""Steel Gym, Jubilee Hills, Hyderabad, Telangana, India"",""toll_name"":""Test_plaza_Rdno1_jubliee_hills"",""latitude"":""17.422521"",""longitude"":""78.411173"",""toll_id"":""63"",""monthly_type_id"":""1"",""monthly_type_name"":""Not Applicable"",""monthly_type_description"":""This toll dont have "",""trip_cost"":""1"",""single_trip_cost"":""1"",""round_trip_cost"":""1"",""monthly_cost"":""2"",""dista"":""0.009992424800868038"",""monthly_pass_activity"":""NO"",""reference_points"":""[{ \"lat\":17.420783,\"lng\":78.411283,\"direction_id\":125},{ \"lat\":17.421522,\"lng\":78.410834,\"direction_id\":125},{ \"lat\":17.423253,\"lng\":78.411891,\"direction_id\":126},{ \"lat\":17.423693,\"lng\":78.413064,\"direction_id\":126}]"",""distance"":1.9179576988036}]}]}"
http://115.124.125.42/Tolls/api/2119/tr/geo,"2016-06-22 15:26:19","{""user_id"":""235"",""trip_details_id"":""1466588652_UR_8S235_0_23511"",""boothside_id"":""98"",""us"":""1"",""direction_id"":0,""timezone"":""Asia\/Calcutta""}","{""Code"":200,""Message"":""Status Updated Sucessfully"",""Info"":{""Booth"":""Please look for InTag booth"",""toll_cost"":1}}"
http://115.124.125.42/Tolls/api/2119/tr/geo,"2016-06-22 15:26:57","{""user_id"":""235"",""trip_details_id"":""1466588652_UR_8S235_0_23511"",""boothside_id"":""98"",""us"":""1"",""direction_id"":0,""timezone"":""Asia\/Calcutta""}","{""Code"":200,""Message"":""Status Updated Sucessfully"",""Info"":{""Booth"":""Please look for InTag booth"",""toll_cost"":1}}"
http://115.124.125.42/Tolls/api/2119/tr/geo,"2016-06-22 15:28:12","{""user_id"":""235"",""trip_details_id"":""1466588652_UR_8S235_0_23512"",""boothside_id"":""119"",""us"":""1"",""direction_id"":0,""timezone"":""Asia\/Calcutta""}","{""Code"":200,""Message"":""Status Updated Sucessfully"",""Info"":{""Booth"":""Please look for InTag booth"",""toll_cost"":1}}"
http://115.124.125.42/Tolls/api/2119/tr/geo,"2016-06-22 15:28:45","{""user_id"":""235"",""trip_details_id"":""1466588652_UR_8S235_0_23512"",""boothside_id"":""119"",""us"":""1"",""direction_id"":0,""timezone"":""Asia\/Calcutta""}","{""Code"":200,""Message"":""Status Updated Sucessfully"",""Info"":{""Booth"":""Please look for InTag booth"",""toll_cost"":1}}"
http://115.124.125.42/Tolls/api/2119/tr/geo,"2016-06-22 15:29:57","{""user_id"":""235"",""trip_details_id"":""1466588652_UR_8S235_0_23513"",""boothside_id"":""124"",""us"":""1"",""direction_id"":0,""timezone"":""Asia\/Calcutta""}","{""Code"":200,""Message"":""Status Updated Sucessfully"",""Info"":{""Booth"":""Please look for InTag booth"",""toll_cost"":1}}"
http://115.124.125.42/Tolls/api/2119/tr/geo,"2016-06-22 15:31:10","{""user_id"":""235"",""trip_details_id"":""1466588652_UR_8S235_0_23513"",""boothside_id"":""124"",""us"":""1"",""direction_id"":0,""timezone"":""Asia\/Calcutta""}","{""Code"":200,""Message"":""Status Updated Sucessfully"",""Info"":{""Booth"":""Please look for InTag booth"",""toll_cost"":1}}"
http://115.124.125.42/Tolls/api/2119/tr/geo,"2016-06-22 15:32:55","{""user_id"":""235"",""trip_details_id"":""1466588652_UR_8S235_0_23514"",""boothside_id"":""125"",""us"":""1"",""direction_id"":0,""timezone"":""Asia\/Calcutta""}","{""Code"":200,""Message"":""Status Updated Sucessfully"",""Info"":{""Booth"":""Please look for InTag booth"",""toll_cost"":1}}"
http://115.124.125.42/Tolls/api/2119/tr/geo,"2016-06-22 15:34:03","{""user_id"":""235"",""trip_details_id"":""1466588652_UR_8S235_0_23514"",""boothside_id"":""125"",""us"":""1"",""direction_id"":0,""timezone"":""Asia\/Calcutta""}","{""Code"":200,""Message"":""Status Updated Sucessfully"",""Info"":{""Booth"":""Please look for InTag booth"",""toll_cost"":1}}"
http://115.124.125.42/Tolls/api/2119/tr/ctr/1466588652_UR_8S235_0_235,"2016-06-22 15:50:04","{""user_id"":235,""transation_id"":""146658864989341"",""amount"":4,""transation_type"":11,""created_on"":""2016-06-22 15:50:04"",""trip_id"":""1466588652_UR_8S235_0_235""}","{""Code"":200,""Info"":""Trip Cancelled Successfully""}"
http://115.124.125.42/Tolls/api/2119/t/calternative,"2016-06-22 15:50:26","{""vechical_id"":""235VID_AP16FH85855"",""vechical_type"":""1"",""user_id"":""235"",""trip_type"":""1"",""latlng"":""[{\"overview_polyline\":[{\"lat\":17.42584,\"lng\":78.41430000000001},{\"lat\":17.42594,\"lng\":78.4141},{\"lat\":17.42642,\"lng\":78.41361},{\"lat\":17.42667,\"lng\":78.41333},{\"lat\":17.426170000000003,\"lng\":78.41255000000001},{\"lat\":17.42535,\"lng\":78.41327000000001},{\"lat\":17.424760000000003,\"lng\":78.41388},{\"lat\":17.424690000000002,\"lng\":78.41397},{\"lat\":17.424590000000002,\"lng\":78.41389000000001},{\"lat\":17.424210000000002,\"lng\":78.41351},{\"lat\":17.42387,\"lng\":78.4133},{\"lat\":17.42367,\"lng\":78.41314000000001},{\"lat\":17.423560000000002,\"lng\":78.41300000000001},{\"lat\":17.42339,\"lng\":78.41258},{\"lat\":17.42312,\"lng\":78.41171},{\"lat\":17.423090000000002,\"lng\":78.41165000000001},{\"lat\":17.422990000000002,\"lng\":78.41146},{\"lat\":17.42292,\"lng\":78.4114},{\"lat\":17.42226,\"lng\":78.41117000000001},{\"lat\":17.42162,\"lng\":78.41094000000001},{\"lat\":17.421400000000002,\"lng\":78.41091},{\"lat\":17.42125,\"lng\":78.41093000000001},{\"lat\":17.421110000000002,\"lng\":78.41103000000001},{\"lat\":17.42038,\"lng\":78.41183000000001},{\"lat\":17.419890000000002,\"lng\":78.41233000000001},{\"lat\":17.41972,\"lng\":78.41243},{\"lat\":17.419520000000002,\"lng\":78.41252},{\"lat\":17.4188,\"lng\":78.41277000000001},{\"lat\":17.41874,\"lng\":78.4128},{\"lat\":17.418660000000003,\"lng\":78.41288},{\"lat\":17.41786,\"lng\":78.41397},{\"lat\":17.41776,\"lng\":78.41415},{\"lat\":17.417540000000002,\"lng\":78.41487000000001},{\"lat\":17.41721,\"lng\":78.41638},{\"lat\":17.416970000000003,\"lng\":78.4174},{\"lat\":17.41691,\"lng\":78.41770000000001},{\"lat\":17.416770000000003,\"lng\":78.418},{\"lat\":17.41653,\"lng\":78.41824000000001},{\"lat\":17.416430000000002,\"lng\":78.41836},{\"lat\":17.416310000000003,\"lng\":78.41856},{\"lat\":17.416150000000002,\"lng\":78.41902},{\"lat\":17.41608,\"lng\":78.4193},{\"lat\":17.416040000000002,\"lng\":78.41959},{\"lat\":17.41606,\"lng\":78.41968},{\"lat\":17.41609,\"lng\":78.41978},{\"lat\":17.416330000000002,\"lng\":78.42030000000001},{\"lat\":17.416410000000003,\"lng\":78.4205},{\"lat\":17.416410000000003,\"lng\":78.42076},{\"lat\":17.41636,\"lng\":78.42093000000001},{\"lat\":17.416230000000002,\"lng\":78.42106000000001},{\"lat\":17.41571,\"lng\":78.42137000000001},{\"lat\":17.41522,\"lng\":78.42163000000001},{\"lat\":17.41508,\"lng\":78.42174},{\"lat\":17.415000000000003,\"lng\":78.42186000000001},{\"lat\":17.414550000000002,\"lng\":78.42275000000001},{\"lat\":17.41437,\"lng\":78.42334000000001},{\"lat\":17.414270000000002,\"lng\":78.42381},{\"lat\":17.414250000000003,\"lng\":78.42399},{\"lat\":17.414270000000002,\"lng\":78.42419000000001},{\"lat\":17.414330000000003,\"lng\":78.42437000000001},{\"lat\":17.41457,\"lng\":78.42498},{\"lat\":17.414730000000002,\"lng\":78.42527000000001},{\"lat\":17.41477,\"lng\":78.42532000000001},{\"lat\":17.41479,\"lng\":78.42540000000001},{\"lat\":17.41476,\"lng\":78.42552},{\"lat\":17.414720000000003,\"lng\":78.42557000000001},{\"lat\":17.41465,\"lng\":78.4256},{\"lat\":17.414540000000002,\"lng\":78.42559},{\"lat\":17.414450000000002,\"lng\":78.42552},{\"lat\":17.41442,\"lng\":78.42540000000001},{\"lat\":17.414440000000003,\"lng\":78.42534},{\"lat\":17.41418,\"lng\":78.42457},{\"lat\":17.414150000000003,\"lng\":78.42444},{\"lat\":17.41385,\"lng\":78.42432000000001},{\"lat\":17.413790000000002,\"lng\":78.42431},{\"lat\":17.41385,\"lng\":78.42432000000001},{\"lat\":17.413970000000003,\"lng\":78.42427},{\"lat\":17.41404,\"lng\":78.42422},{\"lat\":17.4141,\"lng\":78.42415000000001},{\"lat\":17.41414,\"lng\":78.42405000000001},{\"lat\":17.414160000000003,\"lng\":78.42393000000001},{\"lat\":17.4142,\"lng\":78.42369000000001},{\"lat\":17.41429,\"lng\":78.42372},{\"lat\":17.414260000000002,\"lng\":78.4239},{\"lat\":17.414260000000002,\"lng\":78.42410000000001},{\"lat\":17.4143,\"lng\":78.42428000000001},{\"lat\":17.41442,\"lng\":78.42461},{\"lat\":17.414620000000003,\"lng\":78.42509000000001},{\"lat\":17.414740000000002,\"lng\":78.42529},{\"lat\":17.41478,\"lng\":78.42534},{\"lat\":17.41479,\"lng\":78.42538},{\"lat\":17.415860000000002,\"lng\":78.42577},{\"lat\":17.4162,\"lng\":78.42595},{\"lat\":17.41646,\"lng\":78.42612000000001},{\"lat\":17.41672,\"lng\":78.42637},{\"lat\":17.41703,\"lng\":78.42683000000001},{\"lat\":17.417540000000002,\"lng\":78.42765},{\"lat\":17.417620000000003,\"lng\":78.42784},{\"lat\":17.41761,\"lng\":78.42797},{\"lat\":17.41747,\"lng\":78.42866000000001},{\"lat\":17.41739,\"lng\":78.42885000000001},{\"lat\":17.4174,\"lng\":78.42889000000001},{\"lat\":17.4174,\"lng\":78.42892},{\"lat\":17.417720000000003,\"lng\":78.42913},{\"lat\":17.41794,\"lng\":78.42923},{\"lat\":17.418120000000002,\"lng\":78.42928},{\"lat\":17.418930000000003,\"lng\":78.42928},{\"lat\":17.41902,\"lng\":78.42926000000001},{\"lat\":17.4192,\"lng\":78.42920000000001},{\"lat\":17.41958,\"lng\":78.42897},{\"lat\":17.41972,\"lng\":78.42893000000001},{\"lat\":17.41982,\"lng\":78.42891},{\"lat\":17.42033,\"lng\":78.42896},{\"lat\":17.420540000000003,\"lng\":78.42894000000001},{\"lat\":17.420920000000002,\"lng\":78.42878},{\"lat\":17.421470000000003,\"lng\":78.42848000000001},{\"lat\":17.42164,\"lng\":78.42835000000001},{\"lat\":17.42183,\"lng\":78.42816},{\"lat\":17.4222,\"lng\":78.42774},{\"lat\":17.42239,\"lng\":78.42750000000001},{\"lat\":17.42265,\"lng\":78.42706000000001},{\"lat\":17.42296,\"lng\":78.42647000000001},{\"lat\":17.423000000000002,\"lng\":78.42634000000001},{\"lat\":17.42312,\"lng\":78.4264},{\"lat\":17.422900000000002,\"lng\":78.42683000000001},{\"lat\":17.42268,\"lng\":78.42726},{\"lat\":17.42248,\"lng\":78.42760000000001},{\"lat\":17.42257,\"lng\":78.42774},{\"lat\":17.42268,\"lng\":78.42816},{\"lat\":17.422710000000002,\"lng\":78.42833},{\"lat\":17.422700000000003,\"lng\":78.42851},{\"lat\":17.42267,\"lng\":78.42873},{\"lat\":17.422510000000003,\"lng\":78.42917000000001},{\"lat\":17.42282,\"lng\":78.42916000000001},{\"lat\":17.42282,\"lng\":78.42934000000001}],\"route_id\":1}]"",""timezone"":""Asia\/Calcutta""}","{""Code"":""200"",""Info"":[{""route_id"":1,""total_cost"":5,""tolls"":[{""title"":""Steel Gym, Jubilee Hills, Hyderabad, Telangana, India"",""toll_name"":""Test_plaza_Rdno1_jubliee_hills"",""latitude"":""17.422521"",""longitude"":""78.411173"",""toll_id"":""63"",""monthly_type_id"":""1"",""monthly_type_name"":""Not Applicable"",""monthly_type_description"":""This toll dont have "",""trip_cost"":""1"",""single_trip_cost"":""1"",""round_trip_cost"":""1"",""monthly_cost"":""2"",""dista"":""0.03752611288607128"",""monthly_pass_activity"":""NO"",""reference_points"":""[{ \"lat\":17.420783,\"lng\":78.411283,\"direction_id\":125},{ \"lat\":17.421522,\"lng\":78.410834,\"direction_id\":125},{ \"lat\":17.423253,\"lng\":78.411891,\"direction_id\":126},{ \"lat\":17.423693,\"lng\":78.413064,\"direction_id\":126}]"",""distance"":0.43725740624226},{""title"":""Bubbles Hair & Beauty, Hyderabad, Telangana, India"",""toll_name"":""Bubbles _test_plaza"",""latitude"":""17.418027"",""longitude"":""78.413616"",""toll_id"":""62"",""monthly_type_id"":""1"",""monthly_type_name"":""Not Applicable"",""monthly_type_description"":""This toll dont have "",""trip_cost"":""1"",""single_trip_cost"":""1"",""round_trip_cost"":""1"",""monthly_cost"":""2"",""dista"":""0.026035810754109316"",""monthly_pass_activity"":""NO"",""reference_points"":""[{ \"lat\":17.417308,\"lng\":78.415717,\"direction_id\":124},{ \"lat\":17.417594,\"lng\":78.414542,\"direction_id\":124},{ \"lat\":17.418860,\"lng\":78.412701,\"direction_id\":123},{ \"lat\":17.420029,\"lng\":78.412120,\"direction_id\":123}]"",""distance"":0.88798322642053},{""title"":""Mylan Laboratories Limited, Hyderabad, Telangana, India"",""toll_name"":""MYLAN_LAB_TEST_PLAZA"",""latitude"":""17.416023"",""longitude"":""78.41971"",""toll_id"":""59"",""monthly_type_id"":""1"",""monthly_type_name"":""Not Applicable"",""monthly_type_description"":""This toll dont have "",""trip_cost"":""1"",""single_trip_cost"":""1"",""round_trip_cost"":""2"",""monthly_cost"":""1"",""dista"":""0.04633030109925074"",""monthly_pass_activity"":""NO"",""reference_points"":""[{ \"lat\":17.414619,\"lng\":78.422520,\"direction_id\":119},{ \"lat\":17.416109,\"lng\":78.421083,\"direction_id\":119},{ \"lat\":17.416265,\"lng\":78.418567,\"direction_id\":120},{ \"lat\":17.416921,\"lng\":78.417444,\"direction_id\":120}]"",""distance"":1.1881041215576},{""title"":""TRS Bhava, Kasu Brahmananda Reddy National Park, Jubilee Hills, Hyderabad, Telangana, India"",""toll_name"":""TRS Bhava Tolls Plaza"",""latitude"":""17.415706"",""longitude"":""78.425823"",""toll_id"":""48"",""monthly_type_id"":""1"",""monthly_type_name"":""Not Applicable"",""monthly_type_description"":""This toll dont have "",""trip_cost"":""1"",""single_trip_cost"":""1"",""round_trip_cost"":""2"",""monthly_cost"":""12"",""dista"":""0.011200260645493927"",""monthly_pass_activity"":""NO"",""reference_points"":""[{ \"lat\":17.417546,\"lng\":78.427833,\"direction_id\":98},{ \"lat\":17.416833,\"lng\":78.426615,\"direction_id\":98},{ \"lat\":17.414565,\"lng\":78.425373,\"direction_id\":97},{ \"lat\":17.414201,\"lng\":78.423883,\"direction_id\":97}]"",""distance"":1.6468414200396},{""title"":""BN Reddy Colony, Banjara Hills, Hyderabad, Telangana, India"",""toll_name"":""Test Toll2"",""latitude"":""17.419606155521"",""longitude"":""78.429032066439"",""toll_id"":""2"",""monthly_type_id"":""2"",""monthly_type_name"":""30 Days"",""monthly_type_description"":""From date purchase to 30days"",""trip_cost"":""1"",""single_trip_cost"":""1"",""round_trip_cost"":""2"",""monthly_cost"":""10"",""dista"":""0.04949761037264246"",""monthly_pass_activity"":""NO"",""reference_points"":""[{ \"lat\":17.422454,\"lng\":78.427564,\"direction_id\":49},{ \"lat\":17.421412,\"lng\":78.428630,\"direction_id\":49},{ \"lat\":17.418578,\"lng\":78.429346,\"direction_id\":50},{ \"lat\":17.417500,\"lng\":78.429116,\"direction_id\":50}]"",""distance"":1.7651895737054}]}]}"
http://115.124.125.42/Tolls/api/2119/tr/geo,"2016-06-22 15:56:00","{""user_id"":""235"",""trip_details_id"":""1466590834_UR_8S235_0_23510"",""boothside_id"":""125"",""us"":""1"",""direction_id"":0,""timezone"":""Asia\/Calcutta""}","{""Code"":200,""Message"":""Status Updated Sucessfully"",""Info"":{""Booth"":""Please look for InTag booth"",""toll_cost"":1}}"
http://115.124.125.42/Tolls/api/2119/tr/geo,"2016-06-22 15:56:42","{""user_id"":""235"",""trip_details_id"":""1466590834_UR_8S235_0_23510"",""boothside_id"":""125"",""us"":""1"",""direction_id"":0,""timezone"":""Asia\/Calcutta""}","{""Code"":200,""Message"":""Status Updated Sucessfully"",""Info"":{""Booth"":""Please look for InTag booth"",""toll_cost"":1}}"
http://115.124.125.42/Tolls/api/2119/tr/geo,"2016-06-22 15:58:43","{""user_id"":""235"",""trip_details_id"":""1466590834_UR_8S235_0_23511"",""boothside_id"":""123"",""us"":""1"",""direction_id"":0,""timezone"":""Asia\/Calcutta""}","{""Code"":200,""Message"":""Status Updated Sucessfully"",""Info"":{""Booth"":""Please look for InTag booth"",""toll_cost"":1}}"
http://115.124.125.42/Tolls/api/2119/tr/geo,"2016-06-22 15:58:50","{""user_id"":""235"",""trip_details_id"":""1466590834_UR_8S235_0_23511"",""boothside_id"":""123"",""us"":""1"",""direction_id"":0,""timezone"":""Asia\/Calcutta""}","{""Code"":200,""Message"":""Status Updated Sucessfully"",""Info"":{""Booth"":""Please look for InTag booth"",""toll_cost"":1}}"
http://115.124.125.42/Tolls/api/2119/tr/geo,"2016-06-22 15:59:56","{""user_id"":""235"",""trip_details_id"":""1466590834_UR_8S235_0_23512"",""boothside_id"":""120"",""us"":""1"",""direction_id"":0,""timezone"":""Asia\/Calcutta""}","{""Code"":200,""Message"":""Status Updated Sucessfully"",""Info"":{""Booth"":""Please look for InTag booth"",""toll_cost"":1}}"
http://115.124.125.42/Tolls/api/2119/tr/geo,"2016-06-22 16:00:05","{""user_id"":""235"",""trip_details_id"":""1466590834_UR_8S235_0_23512"",""boothside_id"":""120"",""us"":""1"",""direction_id"":0,""timezone"":""Asia\/Calcutta""}","{""Code"":200,""Message"":""Status Updated Sucessfully"",""Info"":{""Booth"":""Please look for InTag booth"",""toll_cost"":1}}"
http://115.124.125.42/Tolls/api/2119/tr/geo,"2016-06-22 16:06:30","{""user_id"":""235"",""trip_details_id"":""1466590834_UR_8S235_0_23513"",""boothside_id"":""98"",""us"":""1"",""direction_id"":0,""timezone"":""Asia\/Calcutta""}","{""Code"":200,""Message"":""Status Updated Sucessfully"",""Info"":{""Booth"":""Please look for InTag booth"",""toll_cost"":1}}"
http://115.124.125.42/Tolls/api/2119/tr/geo,"2016-06-22 16:06:41","{""user_id"":""235"",""trip_details_id"":""1466590834_UR_8S235_0_23513"",""boothside_id"":""98"",""us"":""1"",""direction_id"":0,""timezone"":""Asia\/Calcutta""}","{""Code"":200,""Message"":""Status Updated Sucessfully"",""Info"":{""Booth"":""Please look for InTag booth"",""toll_cost"":1}}"
http://115.124.125.42/Tolls/api/2119/tr/geo,"2016-06-22 16:07:46","{""user_id"":""235"",""trip_details_id"":""1466590834_UR_8S235_0_23514"",""boothside_id"":""50"",""us"":""1"",""direction_id"":0,""timezone"":""Asia\/Calcutta""}","{""Code"":200,""Message"":""Status Updated Sucessfully"",""Info"":{""Booth"":""Please look for InTag booth"",""toll_cost"":1}}"
http://115.124.125.42/Tolls/api/2119/t/calternative,"2016-06-22 17:27:30","{""vechical_id"":""235VID_AP16FH85855"",""vechical_type"":""1"",""user_id"":""235"",""trip_type"":""1"",""latlng"":""[{\"overview_polyline\":[{\"lat\":17.436950000000003,\"lng\":78.36684000000001},{\"lat\":17.43657,\"lng\":78.36653000000001},{\"lat\":17.43582,\"lng\":78.36735},{\"lat\":17.43487,\"lng\":78.36831000000001},{\"lat\":17.43474,\"lng\":78.36838},{\"lat\":17.43381,\"lng\":78.36925000000001},{\"lat\":17.4327,\"lng\":78.37032},{\"lat\":17.43252,\"lng\":78.37052000000001},{\"lat\":17.43241,\"lng\":78.37045},{\"lat\":17.432930000000002,\"lng\":78.36994},{\"lat\":17.43345,\"lng\":78.36948000000001},{\"lat\":17.43394,\"lng\":78.36903000000001},{\"lat\":17.43436,\"lng\":78.3686},{\"lat\":17.434730000000002,\"lng\":78.36825},{\"lat\":17.43478,\"lng\":78.3682},{\"lat\":17.434790000000003,\"lng\":78.36814000000001},{\"lat\":17.434820000000002,\"lng\":78.36808},{\"lat\":17.4358,\"lng\":78.36704},{\"lat\":17.436780000000002,\"lng\":78.36591},{\"lat\":17.438000000000002,\"lng\":78.36439},{\"lat\":17.43841,\"lng\":78.36383000000001},{\"lat\":17.43841,\"lng\":78.36379000000001},{\"lat\":17.4384,\"lng\":78.36371000000001},{\"lat\":17.43841,\"lng\":78.36367000000001},{\"lat\":17.437900000000003,\"lng\":78.36328},{\"lat\":17.435270000000003,\"lng\":78.36152000000001},{\"lat\":17.434060000000002,\"lng\":78.36074},{\"lat\":17.433680000000003,\"lng\":78.36051},{\"lat\":17.43298,\"lng\":78.36016000000001},{\"lat\":17.43271,\"lng\":78.36006},{\"lat\":17.43155,\"lng\":78.35965},{\"lat\":17.4308,\"lng\":78.35945000000001},{\"lat\":17.42999,\"lng\":78.35925},{\"lat\":17.428600000000003,\"lng\":78.35886},{\"lat\":17.427690000000002,\"lng\":78.35862},{\"lat\":17.426070000000003,\"lng\":78.35819000000001},{\"lat\":17.42445,\"lng\":78.35779000000001},{\"lat\":17.42049,\"lng\":78.35677000000001},{\"lat\":17.419030000000003,\"lng\":78.35642},{\"lat\":17.41805,\"lng\":78.3562},{\"lat\":17.41516,\"lng\":78.35560000000001},{\"lat\":17.412850000000002,\"lng\":78.35514},{\"lat\":17.410050000000002,\"lng\":78.35454},{\"lat\":17.407040000000002,\"lng\":78.35394000000001},{\"lat\":17.40453,\"lng\":78.35344},{\"lat\":17.403190000000002,\"lng\":78.35317},{\"lat\":17.40153,\"lng\":78.35284},{\"lat\":17.400570000000002,\"lng\":78.35264000000001},{\"lat\":17.400260000000003,\"lng\":78.35255000000001},{\"lat\":17.39973,\"lng\":78.35233000000001},{\"lat\":17.39908,\"lng\":78.35202000000001},{\"lat\":17.398780000000002,\"lng\":78.35184000000001},{\"lat\":17.398400000000002,\"lng\":78.35152000000001},{\"lat\":17.398300000000003,\"lng\":78.35147},{\"lat\":17.398220000000002,\"lng\":78.35140000000001},{\"lat\":17.397720000000003,\"lng\":78.35097},{\"lat\":17.39753,\"lng\":78.35088},{\"lat\":17.3973,\"lng\":78.35083},{\"lat\":17.39714,\"lng\":78.35084},{\"lat\":17.396890000000003,\"lng\":78.35089},{\"lat\":17.396620000000002,\"lng\":78.35099000000001},{\"lat\":17.39532,\"lng\":78.35159},{\"lat\":17.394660000000002,\"lng\":78.35185000000001},{\"lat\":17.394060000000003,\"lng\":78.35201},{\"lat\":17.393520000000002,\"lng\":78.35210000000001},{\"lat\":17.392840000000003,\"lng\":78.35216000000001},{\"lat\":17.39198,\"lng\":78.35214},{\"lat\":17.391060000000003,\"lng\":78.35208},{\"lat\":17.39035,\"lng\":78.35203000000001},{\"lat\":17.38999,\"lng\":78.35195},{\"lat\":17.38983,\"lng\":78.35184000000001},{\"lat\":17.388640000000002,\"lng\":78.35175000000001},{\"lat\":17.387960000000003,\"lng\":78.35167000000001},{\"lat\":17.386760000000002,\"lng\":78.35148000000001},{\"lat\":17.38626,\"lng\":78.35138},{\"lat\":17.384700000000002,\"lng\":78.35098},{\"lat\":17.380550000000003,\"lng\":78.35005000000001},{\"lat\":17.37637,\"lng\":78.34906000000001},{\"lat\":17.375790000000002,\"lng\":78.34897000000001},{\"lat\":17.37515,\"lng\":78.34889000000001},{\"lat\":17.374660000000002,\"lng\":78.34887},{\"lat\":17.37434,\"lng\":78.34888000000001},{\"lat\":17.37383,\"lng\":78.34894000000001},{\"lat\":17.373420000000003,\"lng\":78.349},{\"lat\":17.372870000000002,\"lng\":78.34912000000001},{\"lat\":17.372500000000002,\"lng\":78.34924000000001},{\"lat\":17.37198,\"lng\":78.34944},{\"lat\":17.3698,\"lng\":78.35035},{\"lat\":17.36344,\"lng\":78.35301000000001},{\"lat\":17.3612,\"lng\":78.35395000000001},{\"lat\":17.360090000000003,\"lng\":78.35447},{\"lat\":17.358340000000002,\"lng\":78.3554},{\"lat\":17.356630000000003,\"lng\":78.35634},{\"lat\":17.35321,\"lng\":78.35824000000001},{\"lat\":17.350530000000003,\"lng\":78.3597},{\"lat\":17.34971,\"lng\":78.36012000000001},{\"lat\":17.34759,\"lng\":78.36116000000001},{\"lat\":17.346300000000003,\"lng\":78.36189},{\"lat\":17.345100000000002,\"lng\":78.36263000000001},{\"lat\":17.34362,\"lng\":78.36352000000001},{\"lat\":17.3385,\"lng\":78.36661000000001},{\"lat\":17.33312,\"lng\":78.3699},{\"lat\":17.32768,\"lng\":78.37318},{\"lat\":17.32619,\"lng\":78.37410000000001},{\"lat\":17.32544,\"lng\":78.37454000000001},{\"lat\":17.32476,\"lng\":78.37490000000001},{\"lat\":17.32423,\"lng\":78.37514},{\"lat\":17.32372,\"lng\":78.37535000000001},{\"lat\":17.32297,\"lng\":78.37559},{\"lat\":17.322190000000003,\"lng\":78.37576},{\"lat\":17.32169,\"lng\":78.37585},{\"lat\":17.32025,\"lng\":78.37605},{\"lat\":17.31556,\"lng\":78.37638000000001},{\"lat\":17.31363,\"lng\":78.37652000000001},{\"lat\":17.3126,\"lng\":78.37663},{\"lat\":17.31175,\"lng\":78.37675},{\"lat\":17.310830000000003,\"lng\":78.37692000000001},{\"lat\":17.30875,\"lng\":78.37739},{\"lat\":17.3046,\"lng\":78.37834000000001},{\"lat\":17.30056,\"lng\":78.37929000000001},{\"lat\":17.29596,\"lng\":78.38035},{\"lat\":17.29307,\"lng\":78.38101},{\"lat\":17.29119,\"lng\":78.38145},{\"lat\":17.28986,\"lng\":78.38174000000001},{\"lat\":17.287370000000003,\"lng\":78.38234000000001},{\"lat\":17.28647,\"lng\":78.38254},{\"lat\":17.28556,\"lng\":78.38269000000001},{\"lat\":17.28434,\"lng\":78.38283000000001},{\"lat\":17.283450000000002,\"lng\":78.38289},{\"lat\":17.282390000000003,\"lng\":78.38293},{\"lat\":17.281850000000002,\"lng\":78.38292000000001},{\"lat\":17.281090000000003,\"lng\":78.38288},{\"lat\":17.279880000000002,\"lng\":78.3828},{\"lat\":17.279320000000002,\"lng\":78.38272},{\"lat\":17.278270000000003,\"lng\":78.38253},{\"lat\":17.27713,\"lng\":78.38229000000001},{\"lat\":17.27615,\"lng\":78.38203},{\"lat\":17.27544,\"lng\":78.38182},{\"lat\":17.27436,\"lng\":78.38146},{\"lat\":17.273200000000003,\"lng\":78.381},{\"lat\":17.271230000000003,\"lng\":78.3802},{\"lat\":17.26528,\"lng\":78.37777000000001},{\"lat\":17.26191,\"lng\":78.37638000000001},{\"lat\":17.26098,\"lng\":78.37602000000001},{\"lat\":17.26023,\"lng\":78.37579000000001},{\"lat\":17.25955,\"lng\":78.37564},{\"lat\":17.258760000000002,\"lng\":78.37553000000001},{\"lat\":17.25832,\"lng\":78.3755},{\"lat\":17.25766,\"lng\":78.3755},{\"lat\":17.25702,\"lng\":78.37554},{\"lat\":17.256500000000003,\"lng\":78.37562000000001},{\"lat\":17.25606,\"lng\":78.37570000000001},{\"lat\":17.255930000000003,\"lng\":78.37582},{\"lat\":17.25569,\"lng\":78.37592000000001},{\"lat\":17.25513,\"lng\":78.37612},{\"lat\":17.254900000000003,\"lng\":78.37622},{\"lat\":17.25441,\"lng\":78.37648},{\"lat\":17.254260000000002,\"lng\":78.37668000000001},{\"lat\":17.25412,\"lng\":78.3769},{\"lat\":17.25391,\"lng\":78.37731000000001},{\"lat\":17.253780000000003,\"lng\":78.37765},{\"lat\":17.253690000000002,\"lng\":78.37813000000001},{\"lat\":17.25366,\"lng\":78.37852000000001},{\"lat\":17.253670000000003,\"lng\":78.37884000000001},{\"lat\":17.25373,\"lng\":78.37921},{\"lat\":17.253890000000002,\"lng\":78.37979},{\"lat\":17.25439,\"lng\":78.38029},{\"lat\":17.254610000000003,\"lng\":78.38048},{\"lat\":17.25468,\"lng\":78.38059000000001},{\"lat\":17.25469,\"lng\":78.38064},{\"lat\":17.254990000000003,\"lng\":78.38085000000001},{\"lat\":17.25505,\"lng\":78.38089000000001},{\"lat\":17.25559,\"lng\":78.38130000000001},{\"lat\":17.255670000000002,\"lng\":78.38135000000001},{\"lat\":17.2558,\"lng\":78.38144000000001},{\"lat\":17.25617,\"lng\":78.38172},{\"lat\":17.25637,\"lng\":78.38177},{\"lat\":17.25645,\"lng\":78.38179000000001},{\"lat\":17.256690000000003,\"lng\":78.38196},{\"lat\":17.25713,\"lng\":78.38225000000001},{\"lat\":17.257440000000003,\"lng\":78.38242000000001},{\"lat\":17.25778,\"lng\":78.38252},{\"lat\":17.257920000000002,\"lng\":78.38253},{\"lat\":17.25806,\"lng\":78.38251000000001},{\"lat\":17.25831,\"lng\":78.38242000000001},{\"lat\":17.25853,\"lng\":78.38224000000001},{\"lat\":17.25869,\"lng\":78.38203},{\"lat\":17.258760000000002,\"lng\":78.38188000000001},{\"lat\":17.2588,\"lng\":78.38172},{\"lat\":17.25881,\"lng\":78.38155},{\"lat\":17.2588,\"lng\":78.38139000000001},{\"lat\":17.25873,\"lng\":78.3811},{\"lat\":17.25862,\"lng\":78.38090000000001},{\"lat\":17.25852,\"lng\":78.38078},{\"lat\":17.25836,\"lng\":78.38064},{\"lat\":17.258110000000002,\"lng\":78.38052},{\"lat\":17.25788,\"lng\":78.38048},{\"lat\":17.25765,\"lng\":78.38050000000001},{\"lat\":17.257430000000003,\"lng\":78.38057},{\"lat\":17.25637,\"lng\":78.38103000000001},{\"lat\":17.25525,\"lng\":78.38152000000001},{\"lat\":17.254160000000002,\"lng\":78.38198000000001},{\"lat\":17.253320000000002,\"lng\":78.38227},{\"lat\":17.25308,\"lng\":78.38236},{\"lat\":17.252840000000003,\"lng\":78.38246000000001},{\"lat\":17.25252,\"lng\":78.38254},{\"lat\":17.25214,\"lng\":78.38263},{\"lat\":17.2515,\"lng\":78.38275},{\"lat\":17.250400000000003,\"lng\":78.38289},{\"lat\":17.24924,\"lng\":78.38295000000001},{\"lat\":17.247700000000002,\"lng\":78.38302},{\"lat\":17.24663,\"lng\":78.38309000000001},{\"lat\":17.24633,\"lng\":78.38316},{\"lat\":17.246100000000002,\"lng\":78.38326},{\"lat\":17.24588,\"lng\":78.38338},{\"lat\":17.245530000000002,\"lng\":78.38364},{\"lat\":17.2454,\"lng\":78.38378},{\"lat\":17.245260000000002,\"lng\":78.38399000000001},{\"lat\":17.24509,\"lng\":78.38432},{\"lat\":17.244510000000002,\"lng\":78.38554},{\"lat\":17.24416,\"lng\":78.38643},{\"lat\":17.244120000000002,\"lng\":78.38662000000001},{\"lat\":17.244130000000002,\"lng\":78.38688},{\"lat\":17.24424,\"lng\":78.38744000000001},{\"lat\":17.244410000000002,\"lng\":78.38813},{\"lat\":17.24454,\"lng\":78.38874000000001},{\"lat\":17.24461,\"lng\":78.38926000000001},{\"lat\":17.244580000000003,\"lng\":78.38999000000001},{\"lat\":17.24452,\"lng\":78.39079000000001},{\"lat\":17.24454,\"lng\":78.3913},{\"lat\":17.24462,\"lng\":78.39236000000001},{\"lat\":17.244790000000002,\"lng\":78.39458},{\"lat\":17.244950000000003,\"lng\":78.39683000000001},{\"lat\":17.24511,\"lng\":78.39887},{\"lat\":17.245150000000002,\"lng\":78.39961000000001},{\"lat\":17.2452,\"lng\":78.40061},{\"lat\":17.24519,\"lng\":78.40129},{\"lat\":17.245160000000002,\"lng\":78.40181000000001},{\"lat\":17.245060000000002,\"lng\":78.40278},{\"lat\":17.24493,\"lng\":78.40359000000001},{\"lat\":17.244760000000003,\"lng\":78.40431000000001},{\"lat\":17.244570000000003,\"lng\":78.40498000000001},{\"lat\":17.24437,\"lng\":78.40556000000001},{\"lat\":17.24409,\"lng\":78.40628000000001},{\"lat\":17.24369,\"lng\":78.40719},{\"lat\":17.243190000000002,\"lng\":78.4081},{\"lat\":17.24238,\"lng\":78.40948},{\"lat\":17.241850000000003,\"lng\":78.41049000000001},{\"lat\":17.24154,\"lng\":78.41125000000001},{\"lat\":17.24127,\"lng\":78.41195},{\"lat\":17.24097,\"lng\":78.41313000000001},{\"lat\":17.240830000000003,\"lng\":78.41393000000001},{\"lat\":17.24076,\"lng\":78.41453000000001},{\"lat\":17.24071,\"lng\":78.41532000000001},{\"lat\":17.2407,\"lng\":78.41595000000001},{\"lat\":17.240750000000002,\"lng\":78.41913000000001},{\"lat\":17.24076,\"lng\":78.42111000000001},{\"lat\":17.24077,\"lng\":78.42143},{\"lat\":17.240850000000002,\"lng\":78.42160000000001},{\"lat\":17.240930000000002,\"lng\":78.42165},{\"lat\":17.24099,\"lng\":78.42172000000001},{\"lat\":17.241030000000002,\"lng\":78.42181000000001},{\"lat\":17.24104,\"lng\":78.42191000000001},{\"lat\":17.241030000000002,\"lng\":78.42200000000001},{\"lat\":17.24098,\"lng\":78.42209000000001},{\"lat\":17.240910000000003,\"lng\":78.42217000000001},{\"lat\":17.240820000000003,\"lng\":78.42229},{\"lat\":17.24079,\"lng\":78.42237},{\"lat\":17.24077,\"lng\":78.42263000000001},{\"lat\":17.2408,\"lng\":78.42479},{\"lat\":17.24081,\"lng\":78.42543},{\"lat\":17.240830000000003,\"lng\":78.42561},{\"lat\":17.24095,\"lng\":78.42578},{\"lat\":17.24099,\"lng\":78.42582},{\"lat\":17.24106,\"lng\":78.42592},{\"lat\":17.24108,\"lng\":78.4261},{\"lat\":17.241010000000003,\"lng\":78.42626000000001},{\"lat\":17.24095,\"lng\":78.42632},{\"lat\":17.2409,\"lng\":78.42635},{\"lat\":17.240850000000002,\"lng\":78.42647000000001},{\"lat\":17.240820000000003,\"lng\":78.42662},{\"lat\":17.240850000000002,\"lng\":78.42811},{\"lat\":17.24089,\"lng\":78.43192},{\"lat\":17.2409,\"lng\":78.43211000000001},{\"lat\":17.240930000000002,\"lng\":78.43220000000001},{\"lat\":17.24098,\"lng\":78.43230000000001},{\"lat\":17.24104,\"lng\":78.43234000000001},{\"lat\":17.241100000000003,\"lng\":78.43241},{\"lat\":17.24114,\"lng\":78.43249},{\"lat\":17.24116,\"lng\":78.43258},{\"lat\":17.241120000000002,\"lng\":78.43276},{\"lat\":17.24107,\"lng\":78.43282},{\"lat\":17.241020000000002,\"lng\":78.43287000000001},{\"lat\":17.24087,\"lng\":78.43292000000001},{\"lat\":17.240720000000003,\"lng\":78.4329},{\"lat\":17.240640000000003,\"lng\":78.43285},{\"lat\":17.24058,\"lng\":78.43279000000001},{\"lat\":17.240460000000002,\"lng\":78.43268},{\"lat\":17.240360000000003,\"lng\":78.43262},{\"lat\":17.24022,\"lng\":78.43261000000001},{\"lat\":17.24022,\"lng\":78.43101},{\"lat\":17.240170000000003,\"lng\":78.42948000000001},{\"lat\":17.240170000000003,\"lng\":78.42939000000001}],\"route_id\":1},{\"overview_polyline\":[{\"lat\":17.436950000000003,\"lng\":78.36684000000001},{\"lat\":17.43657,\"lng\":78.36653000000001},{\"lat\":17.43582,\"lng\":78.36735},{\"lat\":17.43487,\"lng\":78.36831000000001},{\"lat\":17.43474,\"lng\":78.36838},{\"lat\":17.43381,\"lng\":78.36925000000001},{\"lat\":17.4327,\"lng\":78.37032},{\"lat\":17.432190000000002,\"lng\":78.37093},{\"lat\":17.4313,\"lng\":78.37211},{\"lat\":17.43083,\"lng\":78.37272},{\"lat\":17.429910000000003,\"lng\":78.37378000000001},{\"lat\":17.42949,\"lng\":78.37421},{\"lat\":17.429360000000003,\"lng\":78.37435},{\"lat\":17.428880000000003,\"lng\":78.37477000000001},{\"lat\":17.428330000000003,\"lng\":78.37515},{\"lat\":17.4276,\"lng\":78.37567},{\"lat\":17.42743,\"lng\":78.37585},{\"lat\":17.42602,\"lng\":78.37785000000001},{\"lat\":17.425600000000003,\"lng\":78.37846},{\"lat\":17.42518,\"lng\":78.37898000000001},{\"lat\":17.42465,\"lng\":78.37957},{\"lat\":17.42406,\"lng\":78.38032000000001},{\"lat\":17.42343,\"lng\":78.38104000000001},{\"lat\":17.42319,\"lng\":78.38135000000001},{\"lat\":17.42276,\"lng\":78.38205},{\"lat\":17.422430000000002,\"lng\":78.38269000000001},{\"lat\":17.42211,\"lng\":78.38328000000001},{\"lat\":17.42181,\"lng\":78.38376000000001},{\"lat\":17.4204,\"lng\":78.38563},{\"lat\":17.418950000000002,\"lng\":78.38759},{\"lat\":17.41844,\"lng\":78.38832000000001},{\"lat\":17.417810000000003,\"lng\":78.38932000000001},{\"lat\":17.41711,\"lng\":78.39046},{\"lat\":17.416780000000003,\"lng\":78.39106000000001},{\"lat\":17.416500000000003,\"lng\":78.39167},{\"lat\":17.41634,\"lng\":78.39184},{\"lat\":17.415680000000002,\"lng\":78.39239},{\"lat\":17.415200000000002,\"lng\":78.39279},{\"lat\":17.41498,\"lng\":78.39305},{\"lat\":17.414520000000003,\"lng\":78.39373},{\"lat\":17.414050000000003,\"lng\":78.39435},{\"lat\":17.41366,\"lng\":78.39455000000001},{\"lat\":17.41318,\"lng\":78.3948},{\"lat\":17.41264,\"lng\":78.39526000000001},{\"lat\":17.41196,\"lng\":78.39593},{\"lat\":17.41119,\"lng\":78.39688000000001},{\"lat\":17.410670000000003,\"lng\":78.39758},{\"lat\":17.40903,\"lng\":78.39962000000001},{\"lat\":17.408520000000003,\"lng\":78.40025},{\"lat\":17.4081,\"lng\":78.40076},{\"lat\":17.40781,\"lng\":78.40119},{\"lat\":17.40744,\"lng\":78.40185000000001},{\"lat\":17.40715,\"lng\":78.40245},{\"lat\":17.406920000000003,\"lng\":78.40283000000001},{\"lat\":17.40677,\"lng\":78.40297000000001},{\"lat\":17.406380000000002,\"lng\":78.40325},{\"lat\":17.40607,\"lng\":78.40364000000001},{\"lat\":17.4056,\"lng\":78.40451},{\"lat\":17.404860000000003,\"lng\":78.40619000000001},{\"lat\":17.404590000000002,\"lng\":78.40669000000001},{\"lat\":17.40286,\"lng\":78.41036000000001},{\"lat\":17.402250000000002,\"lng\":78.41169000000001},{\"lat\":17.402040000000003,\"lng\":78.41203},{\"lat\":17.4017,\"lng\":78.41254},{\"lat\":17.401480000000003,\"lng\":78.41278000000001},{\"lat\":17.401310000000002,\"lng\":78.41285},{\"lat\":17.401200000000003,\"lng\":78.41292},{\"lat\":17.40105,\"lng\":78.41306},{\"lat\":17.40089,\"lng\":78.41322000000001},{\"lat\":17.400550000000003,\"lng\":78.41358000000001},{\"lat\":17.40012,\"lng\":78.41411000000001},{\"lat\":17.399700000000003,\"lng\":78.41466000000001},{\"lat\":17.3991,\"lng\":78.41532000000001},{\"lat\":17.3989,\"lng\":78.41559000000001},{\"lat\":17.39883,\"lng\":78.41569000000001},{\"lat\":17.398590000000002,\"lng\":78.4162},{\"lat\":17.398480000000003,\"lng\":78.4167},{\"lat\":17.39845,\"lng\":78.41713},{\"lat\":17.39844,\"lng\":78.41784000000001},{\"lat\":17.39837,\"lng\":78.41829000000001},{\"lat\":17.39827,\"lng\":78.41862},{\"lat\":17.398010000000003,\"lng\":78.41911},{\"lat\":17.397910000000003,\"lng\":78.41932000000001},{\"lat\":17.39769,\"lng\":78.41966000000001},{\"lat\":17.397350000000003,\"lng\":78.42032},{\"lat\":17.39713,\"lng\":78.42093000000001},{\"lat\":17.396980000000003,\"lng\":78.42155000000001},{\"lat\":17.39686,\"lng\":78.42234},{\"lat\":17.396690000000003,\"lng\":78.42335000000001},{\"lat\":17.396510000000003,\"lng\":78.42486000000001},{\"lat\":17.396220000000003,\"lng\":78.42685},{\"lat\":17.39611,\"lng\":78.42767},{\"lat\":17.39612,\"lng\":78.42769000000001},{\"lat\":17.396130000000003,\"lng\":78.42773000000001},{\"lat\":17.396130000000003,\"lng\":78.42777000000001},{\"lat\":17.3961,\"lng\":78.42786000000001},{\"lat\":17.39607,\"lng\":78.42789},{\"lat\":17.396050000000002,\"lng\":78.42861},{\"lat\":17.39592,\"lng\":78.43105000000001},{\"lat\":17.39592,\"lng\":78.43118000000001},{\"lat\":17.395760000000003,\"lng\":78.43116},{\"lat\":17.39579,\"lng\":78.43058},{\"lat\":17.395660000000003,\"lng\":78.43057},{\"lat\":17.39478,\"lng\":78.43046000000001},{\"lat\":17.39391,\"lng\":78.43035},{\"lat\":17.39387,\"lng\":78.43084},{\"lat\":17.39328,\"lng\":78.43085},{\"lat\":17.39329,\"lng\":78.43093},{\"lat\":17.3933,\"lng\":78.43118000000001},{\"lat\":17.39292,\"lng\":78.43119},{\"lat\":17.39244,\"lng\":78.43117000000001},{\"lat\":17.392010000000003,\"lng\":78.43109000000001},{\"lat\":17.39105,\"lng\":78.43082000000001},{\"lat\":17.38952,\"lng\":78.43037000000001},{\"lat\":17.38822,\"lng\":78.42993000000001},{\"lat\":17.387890000000002,\"lng\":78.42982},{\"lat\":17.387230000000002,\"lng\":78.42968},{\"lat\":17.38608,\"lng\":78.42964},{\"lat\":17.38532,\"lng\":78.42963},{\"lat\":17.38512,\"lng\":78.42966000000001},{\"lat\":17.38485,\"lng\":78.42967},{\"lat\":17.383200000000002,\"lng\":78.42962},{\"lat\":17.3826,\"lng\":78.42959},{\"lat\":17.381960000000003,\"lng\":78.42951000000001},{\"lat\":17.37994,\"lng\":78.42947000000001},{\"lat\":17.37703,\"lng\":78.42944},{\"lat\":17.37498,\"lng\":78.42939000000001},{\"lat\":17.3747,\"lng\":78.42939000000001},{\"lat\":17.374200000000002,\"lng\":78.42933000000001},{\"lat\":17.37385,\"lng\":78.42927},{\"lat\":17.372960000000003,\"lng\":78.42922},{\"lat\":17.37189,\"lng\":78.42929000000001},{\"lat\":17.37085,\"lng\":78.42936},{\"lat\":17.370250000000002,\"lng\":78.42935},{\"lat\":17.369400000000002,\"lng\":78.42929000000001},{\"lat\":17.36895,\"lng\":78.42923},{\"lat\":17.36803,\"lng\":78.42905},{\"lat\":17.366690000000002,\"lng\":78.42875000000001},{\"lat\":17.36577,\"lng\":78.42858000000001},{\"lat\":17.36381,\"lng\":78.42823000000001},{\"lat\":17.36201,\"lng\":78.42793},{\"lat\":17.36099,\"lng\":78.42772000000001},{\"lat\":17.360750000000003,\"lng\":78.42761},{\"lat\":17.36043,\"lng\":78.42738},{\"lat\":17.359920000000002,\"lng\":78.42679000000001},{\"lat\":17.35932,\"lng\":78.42603000000001},{\"lat\":17.35904,\"lng\":78.42572000000001},{\"lat\":17.35573,\"lng\":78.42225},{\"lat\":17.352690000000003,\"lng\":78.41873000000001},{\"lat\":17.35238,\"lng\":78.41837000000001},{\"lat\":17.35207,\"lng\":78.41807},{\"lat\":17.35182,\"lng\":78.41789},{\"lat\":17.35154,\"lng\":78.41772},{\"lat\":17.351110000000002,\"lng\":78.41752000000001},{\"lat\":17.34946,\"lng\":78.41698000000001},{\"lat\":17.34664,\"lng\":78.41603},{\"lat\":17.346140000000002,\"lng\":78.41590000000001},{\"lat\":17.34589,\"lng\":78.41588},{\"lat\":17.34559,\"lng\":78.41591000000001},{\"lat\":17.34516,\"lng\":78.41605000000001},{\"lat\":17.34496,\"lng\":78.41617000000001},{\"lat\":17.344430000000003,\"lng\":78.41659},{\"lat\":17.34401,\"lng\":78.41692},{\"lat\":17.34355,\"lng\":78.41732},{\"lat\":17.34336,\"lng\":78.41756000000001},{\"lat\":17.34325,\"lng\":78.41775000000001},{\"lat\":17.343020000000003,\"lng\":78.41836},{\"lat\":17.34287,\"lng\":78.41881000000001},{\"lat\":17.34216,\"lng\":78.42218000000001},{\"lat\":17.341980000000003,\"lng\":78.42295},{\"lat\":17.34186,\"lng\":78.42321000000001},{\"lat\":17.34159,\"lng\":78.42360000000001},{\"lat\":17.34121,\"lng\":78.42392000000001},{\"lat\":17.340040000000002,\"lng\":78.42460000000001},{\"lat\":17.33706,\"lng\":78.42624},{\"lat\":17.336630000000003,\"lng\":78.42643000000001},{\"lat\":17.33605,\"lng\":78.42657000000001},{\"lat\":17.33266,\"lng\":78.42677},{\"lat\":17.332420000000003,\"lng\":78.42674000000001},{\"lat\":17.332030000000003,\"lng\":78.42665000000001},{\"lat\":17.32891,\"lng\":78.42576000000001},{\"lat\":17.32729,\"lng\":78.42551},{\"lat\":17.326980000000002,\"lng\":78.42549000000001},{\"lat\":17.32686,\"lng\":78.4255},{\"lat\":17.32656,\"lng\":78.42562000000001},{\"lat\":17.32637,\"lng\":78.42579},{\"lat\":17.32592,\"lng\":78.42636},{\"lat\":17.325580000000002,\"lng\":78.4268},{\"lat\":17.32357,\"lng\":78.42960000000001},{\"lat\":17.322940000000003,\"lng\":78.43045000000001},{\"lat\":17.322570000000002,\"lng\":78.43091000000001},{\"lat\":17.32231,\"lng\":78.43114000000001},{\"lat\":17.322000000000003,\"lng\":78.43126000000001},{\"lat\":17.3218,\"lng\":78.43128},{\"lat\":17.32166,\"lng\":78.43127000000001},{\"lat\":17.321270000000002,\"lng\":78.43112},{\"lat\":17.3211,\"lng\":78.43098},{\"lat\":17.32091,\"lng\":78.43073000000001},{\"lat\":17.32038,\"lng\":78.42981},{\"lat\":17.32007,\"lng\":78.42936},{\"lat\":17.3197,\"lng\":78.42896},{\"lat\":17.3196,\"lng\":78.42891},{\"lat\":17.31877,\"lng\":78.42816},{\"lat\":17.31847,\"lng\":78.42789},{\"lat\":17.31626,\"lng\":78.42599000000001},{\"lat\":17.315720000000002,\"lng\":78.42556},{\"lat\":17.315260000000002,\"lng\":78.42529},{\"lat\":17.314200000000003,\"lng\":78.42478000000001},{\"lat\":17.31063,\"lng\":78.42323},{\"lat\":17.30912,\"lng\":78.42259},{\"lat\":17.30799,\"lng\":78.42211},{\"lat\":17.30668,\"lng\":78.42163000000001},{\"lat\":17.30293,\"lng\":78.42037},{\"lat\":17.302380000000003,\"lng\":78.42020000000001},{\"lat\":17.301840000000002,\"lng\":78.42007000000001},{\"lat\":17.29925,\"lng\":78.4192},{\"lat\":17.297600000000003,\"lng\":78.41869000000001},{\"lat\":17.29552,\"lng\":78.41802000000001},{\"lat\":17.294800000000002,\"lng\":78.41781},{\"lat\":17.29425,\"lng\":78.41769000000001},{\"lat\":17.293760000000002,\"lng\":78.41762},{\"lat\":17.29194,\"lng\":78.41739000000001},{\"lat\":17.29134,\"lng\":78.41726000000001},{\"lat\":17.29106,\"lng\":78.41717000000001},{\"lat\":17.290560000000003,\"lng\":78.41696},{\"lat\":17.28976,\"lng\":78.41654000000001},{\"lat\":17.2892,\"lng\":78.4162},{\"lat\":17.28825,\"lng\":78.41564000000001},{\"lat\":17.287650000000003,\"lng\":78.41527},{\"lat\":17.28712,\"lng\":78.41485},{\"lat\":17.28623,\"lng\":78.41398000000001},{\"lat\":17.285580000000003,\"lng\":78.41333},{\"lat\":17.2852,\"lng\":78.41304000000001},{\"lat\":17.28256,\"lng\":78.41133},{\"lat\":17.28205,\"lng\":78.411},{\"lat\":17.28074,\"lng\":78.41019},{\"lat\":17.28047,\"lng\":78.40998},{\"lat\":17.279880000000002,\"lng\":78.40944},{\"lat\":17.27943,\"lng\":78.40894},{\"lat\":17.279120000000002,\"lng\":78.40853000000001},{\"lat\":17.2789,\"lng\":78.40818},{\"lat\":17.27869,\"lng\":78.40779},{\"lat\":17.277730000000002,\"lng\":78.40559},{\"lat\":17.27747,\"lng\":78.40507000000001},{\"lat\":17.27709,\"lng\":78.40436000000001},{\"lat\":17.27673,\"lng\":78.40377000000001},{\"lat\":17.275920000000003,\"lng\":78.40274000000001},{\"lat\":17.274600000000003,\"lng\":78.4011},{\"lat\":17.27325,\"lng\":78.3994},{\"lat\":17.272370000000002,\"lng\":78.39827000000001},{\"lat\":17.271810000000002,\"lng\":78.39763},{\"lat\":17.2713,\"lng\":78.39726},{\"lat\":17.26981,\"lng\":78.3964},{\"lat\":17.26867,\"lng\":78.39573},{\"lat\":17.26827,\"lng\":78.39547},{\"lat\":17.267570000000003,\"lng\":78.39489},{\"lat\":17.267190000000003,\"lng\":78.39451000000001},{\"lat\":17.266920000000002,\"lng\":78.39411000000001},{\"lat\":17.26642,\"lng\":78.39349},{\"lat\":17.266170000000002,\"lng\":78.39323},{\"lat\":17.265700000000002,\"lng\":78.39265},{\"lat\":17.26518,\"lng\":78.39196000000001},{\"lat\":17.26387,\"lng\":78.39024},{\"lat\":17.26302,\"lng\":78.38914000000001},{\"lat\":17.26256,\"lng\":78.38858},{\"lat\":17.26191,\"lng\":78.38797000000001},{\"lat\":17.26161,\"lng\":78.38773},{\"lat\":17.26131,\"lng\":78.38746},{\"lat\":17.260920000000002,\"lng\":78.38694000000001},{\"lat\":17.26075,\"lng\":78.38661},{\"lat\":17.26029,\"lng\":78.38560000000001},{\"lat\":17.25986,\"lng\":78.38467},{\"lat\":17.25963,\"lng\":78.38432},{\"lat\":17.259330000000002,\"lng\":78.38396},{\"lat\":17.259030000000003,\"lng\":78.38369},{\"lat\":17.2587,\"lng\":78.38345000000001},{\"lat\":17.25703,\"lng\":78.38246000000001},{\"lat\":17.256700000000002,\"lng\":78.38229000000001},{\"lat\":17.256500000000003,\"lng\":78.38221},{\"lat\":17.255930000000003,\"lng\":78.38197000000001},{\"lat\":17.25545,\"lng\":78.38189000000001},{\"lat\":17.255010000000002,\"lng\":78.38189000000001},{\"lat\":17.2546,\"lng\":78.38193000000001},{\"lat\":17.25343,\"lng\":78.38234000000001},{\"lat\":17.251820000000002,\"lng\":78.38269000000001},{\"lat\":17.25064,\"lng\":78.38286000000001},{\"lat\":17.2496,\"lng\":78.38294},{\"lat\":17.248170000000002,\"lng\":78.38299},{\"lat\":17.246750000000002,\"lng\":78.38308},{\"lat\":17.246450000000003,\"lng\":78.38313000000001},{\"lat\":17.24623,\"lng\":78.3832},{\"lat\":17.245990000000003,\"lng\":78.38331000000001},{\"lat\":17.24578,\"lng\":78.38344000000001},{\"lat\":17.2454,\"lng\":78.38378},{\"lat\":17.24517,\"lng\":78.38414},{\"lat\":17.24464,\"lng\":78.38526},{\"lat\":17.24418,\"lng\":78.38634},{\"lat\":17.244130000000002,\"lng\":78.38652},{\"lat\":17.244120000000002,\"lng\":78.3867},{\"lat\":17.24417,\"lng\":78.38712000000001},{\"lat\":17.24433,\"lng\":78.38786},{\"lat\":17.24452,\"lng\":78.38859000000001},{\"lat\":17.24461,\"lng\":78.38918000000001},{\"lat\":17.244590000000002,\"lng\":78.38988},{\"lat\":17.24452,\"lng\":78.39069},{\"lat\":17.244570000000003,\"lng\":78.3917},{\"lat\":17.24491,\"lng\":78.39626000000001},{\"lat\":17.24519,\"lng\":78.40014000000001},{\"lat\":17.2452,\"lng\":78.40093},{\"lat\":17.24517,\"lng\":78.40162000000001},{\"lat\":17.24511,\"lng\":78.40233},{\"lat\":17.245,\"lng\":78.40316},{\"lat\":17.244850000000003,\"lng\":78.40395000000001},{\"lat\":17.244670000000003,\"lng\":78.40465},{\"lat\":17.24424,\"lng\":78.40591},{\"lat\":17.243830000000003,\"lng\":78.40689},{\"lat\":17.24339,\"lng\":78.40775000000001},{\"lat\":17.24256,\"lng\":78.40917},{\"lat\":17.24198,\"lng\":78.41023000000001},{\"lat\":17.24172,\"lng\":78.41079},{\"lat\":17.241400000000002,\"lng\":78.4116},{\"lat\":17.24126,\"lng\":78.41201000000001},{\"lat\":17.24104,\"lng\":78.41281000000001},{\"lat\":17.24088,\"lng\":78.41356},{\"lat\":17.24078,\"lng\":78.41432},{\"lat\":17.240720000000003,\"lng\":78.41504},{\"lat\":17.2407,\"lng\":78.41565},{\"lat\":17.240740000000002,\"lng\":78.41858},{\"lat\":17.24076,\"lng\":78.42135},{\"lat\":17.24079,\"lng\":78.42148},{\"lat\":17.240850000000002,\"lng\":78.42160000000001},{\"lat\":17.24089,\"lng\":78.42162},{\"lat\":17.24096,\"lng\":78.42168000000001},{\"lat\":17.241020000000002,\"lng\":78.42176},{\"lat\":17.24104,\"lng\":78.42195000000001},{\"lat\":17.24095,\"lng\":78.42213000000001},{\"lat\":17.24087,\"lng\":78.4222},{\"lat\":17.2408,\"lng\":78.42234},{\"lat\":17.24078,\"lng\":78.42243},{\"lat\":17.24079,\"lng\":78.42371},{\"lat\":17.240820000000003,\"lng\":78.42555},{\"lat\":17.240930000000002,\"lng\":78.42577},{\"lat\":17.24104,\"lng\":78.42588},{\"lat\":17.24109,\"lng\":78.42605},{\"lat\":17.24104,\"lng\":78.42622},{\"lat\":17.2409,\"lng\":78.42635},{\"lat\":17.240840000000002,\"lng\":78.42653},{\"lat\":17.240830000000003,\"lng\":78.42682},{\"lat\":17.24087,\"lng\":78.42963},{\"lat\":17.2409,\"lng\":78.43214},{\"lat\":17.24098,\"lng\":78.43230000000001},{\"lat\":17.24108,\"lng\":78.43237},{\"lat\":17.24115,\"lng\":78.43254},{\"lat\":17.241130000000002,\"lng\":78.43272},{\"lat\":17.24108,\"lng\":78.43281},{\"lat\":17.241030000000002,\"lng\":78.43286},{\"lat\":17.240910000000003,\"lng\":78.43292000000001},{\"lat\":17.240750000000002,\"lng\":78.43291},{\"lat\":17.240660000000002,\"lng\":78.43287000000001},{\"lat\":17.2404,\"lng\":78.43264},{\"lat\":17.24032,\"lng\":78.43262},{\"lat\":17.24022,\"lng\":78.43261000000001},{\"lat\":17.24022,\"lng\":78.43101},{\"lat\":17.240170000000003,\"lng\":78.42939000000001}],\"route_id\":2}]"",""timezone"":""Asia\/Calcutta""}","{""Code"":""200"",""Info"":[{""route_id"":1,""total_cost"":5,""tolls"":[{""title"":""Madhava Reddy Colony, Gachibowli, Hyderabad, Telangana 500032, India"",""toll_name"":""JNORR Test1 Toll Plaza"",""latitude"":""17.429670986839"",""longitude"":""78.359131737573"",""toll_id"":""49"",""monthly_type_id"":""1"",""monthly_type_name"":""Not Applicable"",""monthly_type_description"":""This toll dont have "",""trip_cost"":""1"",""single_trip_cost"":""1"",""round_trip_cost"":""2"",""monthly_cost"":""12"",""dista"":""0.023381234798546906"",""monthly_pass_activity"":""NO"",""reference_points"":""[{ \"lat\":17.433795,\"lng\":78.360465,\"direction_id\":100},{ \"lat\":17.431800,\"lng\":78.359604,\"direction_id\":100},{ \"lat\":17.427949,\"lng\":78.358605,\"direction_id\":99},{ \"lat\":17.425991,\"lng\":78.358073,\"direction_id\":99}]"",""distance"":1.1167710346099},{""title"":""Khajaguda, Manikonda, Hyderabad, Telangana, India"",""toll_name"":""ORR Gachiboli Test Toll Plaza"",""latitude"":""17.407446789395"",""longitude"":""78.353981896265"",""toll_id"":""58"",""monthly_type_id"":""1"",""monthly_type_name"":""Not Applicable"",""monthly_type_description"":""This toll dont have "",""trip_cost"":""1"",""single_trip_cost"":""1"",""round_trip_cost"":""2"",""monthly_cost"":""4"",""dista"":""0.18360080191109113"",""monthly_pass_activity"":""NO"",""reference_points"":""[{ \"lat\":17.413063,\"lng\":78.355069,\"direction_id\":117},{ \"lat\":17.411072,\"lng\":78.354661,\"direction_id\":117},{ \"lat\":17.405045,\"lng\":78.353440,\"direction_id\":118},{ \"lat\":17.403030,\"lng\":78.353068,\"direction_id\":118}]"",""distance"":3.2632490831444},{""title"":""Manchirevula, Hyderabad, Telangana 500089, India"",""toll_name"":""JNORR Test2 Toll Plaza"",""latitude"":""17.374769334062"",""longitude"":""78.34877516428"",""toll_id"":""50"",""monthly_type_id"":""1"",""monthly_type_name"":""Not Applicable"",""monthly_type_description"":""This toll dont have "",""trip_cost"":""1"",""single_trip_cost"":""1"",""round_trip_cost"":""2"",""monthly_cost"":""12"",""dista"":""0.11218580283704989"",""monthly_pass_activity"":""NO"",""reference_points"":""[{ \"lat\":17.380074,\"lng\":78.349789,\"direction_id\":101},{ \"lat\":17.377643,\"lng\":78.349237,\"direction_id\":101},{ \"lat\":17.372847 ,\"lng\":78.349045,\"direction_id\":102},{ \"lat\":17.371055,\"lng\":78.349732,\"direction_id\":102}]"",""distance"":6.9950297680905},{""title"":""Himayathsagar, Telangana, India"",""toll_name"":""JNORR Test3 Toll Plaza"",""latitude"":""17.357132938637"",""longitude"":""78.355966730936"",""toll_id"":""51"",""monthly_type_id"":""1"",""monthly_type_name"":""Not Applicable"",""monthly_type_description"":""This toll dont have "",""trip_cost"":""1"",""single_trip_cost"":""1"",""round_trip_cost"":""2"",""monthly_cost"":""12"",""dista"":""0.4774385901470443"",""monthly_pass_activity"":""NO"",""reference_points"":""[{ \"lat\":17.357051,\"lng\":78.356022,\"direction_id\":103},{ \"lat\":17.358792,\"lng\":78.355055,\"direction_id\":103},{ \"lat\":17.355360,\"lng\":78.356931,\"direction_id\":104},{ \"lat\":17.353587,\"lng\":78.357934,\"direction_id\":104}]"",""distance"":8.3042196652631},{""title"":""Hyderabad, Telangana, India"",""toll_name"":""JNORR Test4 Toll Plaza"",""latitude"":""17.300416164287"",""longitude"":""78.37922209679"",""toll_id"":""52"",""monthly_type_id"":""1"",""monthly_type_name"":""Not Applicable"",""monthly_type_description"":""This toll dont have "",""trip_cost"":""1"",""single_trip_cost"":""1"",""round_trip_cost"":""2"",""monthly_cost"":""12"",""dista"":""0.2948916956079665"",""monthly_pass_activity"":""NO"",""reference_points"":""[{ \"lat\":17.300976,\"lng\":78.379094,\"direction_id\":105},{ \"lat\":17.302854,\"lng\":78.378643,\"direction_id\":105},{ \"lat\":17.298510,\"lng\":78.379669,\"direction_id\":106},{ \"lat\":17.296689,\"lng\":78.380095,\"direction_id\":106}]"",""distance"":14.766454896079}]},{""route_id"":2,""total_cost"":0,""tolls"":[]}]}"
http://115.124.125.42/Tolls/api/2119/tr/geo,"2016-06-22 17:31:43","{""user_id"":""235"",""trip_details_id"":""1466596692_UR_2R235_1_23510"",""boothside_id"":""100"",""us"":""1"",""direction_id"":0,""timezone"":""Asia\/Calcutta""}","{""Code"":200,""Message"":""Status Updated Sucessfully"",""Info"":{""Booth"":""Please look for InTag booth"",""toll_cost"":1}}"
http://115.124.125.42/Tolls/api/2119/tr/geo,"2016-06-22 17:31:52","{""user_id"":""235"",""trip_details_id"":""1466596692_UR_2R235_1_23510"",""boothside_id"":""100"",""us"":""1"",""direction_id"":0,""timezone"":""Asia\/Calcutta""}","{""Code"":200,""Message"":""Status Updated Sucessfully"",""Info"":{""Booth"":""Please look for InTag booth"",""toll_cost"":1}}"
http://115.124.125.42/Tolls/api/2119/tr/geo,"2016-06-22 17:33:35","{""user_id"":""235"",""trip_details_id"":""1466596692_UR_2R235_1_23511"",""boothside_id"":""117"",""us"":""1"",""direction_id"":0,""timezone"":""Asia\/Calcutta""}","{""Code"":200,""Message"":""Status Updated Sucessfully"",""Info"":{""Booth"":""Please look for InTag booth"",""toll_cost"":1}}"
http://115.124.125.42/Tolls/api/2119/tr/geo,"2016-06-22 17:34:06","{""user_id"":""235"",""trip_details_id"":""1466596692_UR_2R235_1_23511"",""boothside_id"":""117"",""us"":""1"",""direction_id"":0,""timezone"":""Asia\/Calcutta""}","{""Code"":200,""Message"":""Status Updated Sucessfully"",""Info"":{""Booth"":""Please look for InTag booth"",""toll_cost"":1}}"
http://115.124.125.42/Tolls/api/2119/tr/geo,"2016-06-22 17:38:09","{""user_id"":""235"",""trip_details_id"":""1466596692_UR_2R235_1_23512"",""boothside_id"":""101"",""us"":""1"",""direction_id"":0,""timezone"":""Asia\/Calcutta""}","{""Code"":200,""Message"":""Status Updated Sucessfully"",""Info"":{""Booth"":""Please look for InTag booth"",""toll_cost"":1}}"
http://115.124.125.42/Tolls/api/2119/tr/geo,"2016-06-22 17:38:26","{""user_id"":""235"",""trip_details_id"":""1466596692_UR_2R235_1_23512"",""boothside_id"":""101"",""us"":""1"",""direction_id"":0,""timezone"":""Asia\/Calcutta""}","{""Code"":200,""Message"":""Status Updated Sucessfully"",""Info"":{""Booth"":""Please look for InTag booth"",""toll_cost"":1}}"
http://115.124.125.42/Tolls/api/2119/tr/geo,"2016-06-22 17:40:20","{""user_id"":""235"",""trip_details_id"":""1466596692_UR_2R235_1_23513"",""boothside_id"":""103"",""us"":""1"",""direction_id"":0,""timezone"":""Asia\/Calcutta""}","{""Code"":200,""Message"":""Status Updated Sucessfully"",""Info"":{""Booth"":""Please look for InTag booth"",""toll_cost"":1}}"
http://115.124.125.42/Tolls/api/2119/tr/geo,"2016-06-22 17:40:27","{""user_id"":""235"",""trip_details_id"":""1466596692_UR_2R235_1_23513"",""boothside_id"":""103"",""us"":""1"",""direction_id"":0,""timezone"":""Asia\/Calcutta""}","{""Code"":200,""Message"":""Status Updated Sucessfully"",""Info"":{""Booth"":""Please look for InTag booth"",""toll_cost"":1}}"
http://115.124.125.42/Tolls/api/2119/tr/geo,"2016-06-22 17:46:30","{""user_id"":""235"",""trip_details_id"":""1466596692_UR_2R235_1_23514"",""boothside_id"":""105"",""us"":""1"",""direction_id"":0,""timezone"":""Asia\/Calcutta""}","{""Code"":200,""Message"":""Status Updated Sucessfully"",""Info"":{""Booth"":""Please look for InTag booth"",""toll_cost"":1}}"
http://115.124.125.42/Tolls/api/2119/tr/geo,"2016-06-22 17:46:34","{""user_id"":""235"",""trip_details_id"":""1466596692_UR_2R235_1_23514"",""boothside_id"":""105"",""us"":""1"",""direction_id"":0,""timezone"":""Asia\/Calcutta""}","{""Code"":200,""Message"":""Status Updated Sucessfully"",""Info"":{""Booth"":""Please look for InTag booth"",""toll_cost"":1}}"
http://115.124.125.42/Tolls/api/2119/tr/geo,"2016-06-22 18:08:45","{""user_id"":""235"",""trip_details_id"":""1466596692_UR_2R235_1_23524"",""boothside_id"":""0"",""us"":""1"",""direction_id"":0,""timezone"":""Asia\/Calcutta""}","{""Code"":200,""Message"":""Status Updated Sucessfully"",""Info"":{""Booth"":""Please look for InTag booth"",""toll_cost"":1}}"
http://115.124.125.42/Tolls/api/2119/tr/geo,"2016-06-22 18:08:52","{""user_id"":""235"",""trip_details_id"":""1466596692_UR_2R235_1_23524"",""boothside_id"":""0"",""us"":""1"",""direction_id"":0,""timezone"":""Asia\/Calcutta""}","{""Code"":200,""Message"":""Status Updated Sucessfully"",""Info"":{""Booth"":""Please look for InTag booth"",""toll_cost"":1}}"
http://115.124.125.42/Tolls/api/2119/tr/geo,"2016-06-22 18:09:00","{""user_id"":""235"",""trip_details_id"":""1466596692_UR_2R235_1_23524"",""boothside_id"":""0"",""us"":""1"",""direction_id"":0,""timezone"":""Asia\/Calcutta""}","{""Code"":200,""Message"":""Status Updated Sucessfully"",""Info"":{""Booth"":""Please look for InTag booth"",""toll_cost"":1}}"
http://115.124.125.42/Tolls/api/2119/tr/geo,"2016-06-22 18:15:29","{""user_id"":""235"",""trip_details_id"":""1466596692_UR_2R235_1_23523"",""boothside_id"":""0"",""us"":""1"",""direction_id"":0,""timezone"":""Asia\/Calcutta""}","{""Code"":200,""Message"":""Status Updated Sucessfully"",""Info"":{""Booth"":""Please look for InTag booth"",""toll_cost"":1}}"
http://115.124.125.42/Tolls/api/2119/tr/geo,"2016-06-22 18:15:41","{""user_id"":""235"",""trip_details_id"":""1466596692_UR_2R235_1_23523"",""boothside_id"":""0"",""us"":""1"",""direction_id"":0,""timezone"":""Asia\/Calcutta""}","{""Code"":200,""Message"":""Status Updated Sucessfully"",""Info"":{""Booth"":""Please look for InTag booth"",""toll_cost"":1}}"
http://115.124.125.42/Tolls/api/2119/tr/geo,"2016-06-22 18:15:45","{""user_id"":""235"",""trip_details_id"":""1466596692_UR_2R235_1_23523"",""boothside_id"":""0"",""us"":""1"",""direction_id"":0,""timezone"":""Asia\/Calcutta""}","{""Code"":200,""Message"":""Status Updated Sucessfully"",""Info"":{""Booth"":""Please look for InTag booth"",""toll_cost"":1}}"
http://115.124.125.42/Tolls/api/2119/tr/geo,"2016-06-22 18:17:19","{""user_id"":""235"",""trip_details_id"":""1466596692_UR_2R235_1_23522"",""boothside_id"":""0"",""us"":""1"",""direction_id"":0,""timezone"":""Asia\/Calcutta""}","{""Code"":200,""Message"":""Status Updated Sucessfully"",""Info"":{""Booth"":""Please look for InTag booth"",""toll_cost"":1}}"
http://115.124.125.42/Tolls/api/2119/tr/geo,"2016-06-22 18:17:28","{""user_id"":""235"",""trip_details_id"":""1466596692_UR_2R235_1_23522"",""boothside_id"":""0"",""us"":""1"",""direction_id"":0,""timezone"":""Asia\/Calcutta""}","{""Code"":200,""Message"":""Status Updated Sucessfully"",""Info"":{""Booth"":""Please look for InTag booth"",""toll_cost"":1}}"
http://115.124.125.42/Tolls/api/2119/tr/geo,"2016-06-22 18:20:55","{""user_id"":""235"",""trip_details_id"":""1466596692_UR_2R235_1_23521"",""boothside_id"":""0"",""us"":""1"",""direction_id"":0,""timezone"":""Asia\/Calcutta""}","{""Code"":200,""Message"":""Status Updated Sucessfully"",""Info"":{""Booth"":""Please look for InTag booth"",""toll_cost"":1}}"
http://115.124.125.42/Tolls/api/2119/tr/geo,"2016-06-22 18:21:20","{""user_id"":""235"",""trip_details_id"":""1466596692_UR_2R235_1_23521"",""boothside_id"":""0"",""us"":""1"",""direction_id"":0,""timezone"":""Asia\/Calcutta""}","{""Code"":200,""Message"":""Status Updated Sucessfully"",""Info"":{""Booth"":""Please look for InTag booth"",""toll_cost"":1}}"
http://115.124.125.42/Tolls/api/2119/tr/geo,"2016-06-22 18:24:36","{""user_id"":""235"",""trip_details_id"":""1466596692_UR_2R235_1_23520"",""boothside_id"":""0"",""us"":""1"",""direction_id"":0,""timezone"":""Asia\/Calcutta""}","{""Code"":200,""Message"":""Status Updated Sucessfully"",""Info"":{""Booth"":""Please look for InTag booth"",""toll_cost"":1}}"
http://115.124.125.42/Tolls/api/2119/tr/geo,"2016-06-22 18:25:11","{""user_id"":""235"",""trip_details_id"":""1466596692_UR_2R235_1_23520"",""boothside_id"":""0"",""us"":""1"",""direction_id"":0,""timezone"":""Asia\/Calcutta""}","{""Code"":200,""Message"":""Status Updated Sucessfully"",""Info"":{""Booth"":""Please look for InTag booth"",""toll_cost"":1}}"
http://115.124.125.42/Tolls/api/2119/tr/geo,"2016-06-22 18:25:48","{""user_id"":""235"",""trip_details_id"":""1466596692_UR_2R235_1_23520"",""boothside_id"":""0"",""us"":""1"",""direction_id"":0,""timezone"":""Asia\/Calcutta""}","{""Code"":200,""Message"":""Status Updated Sucessfully"",""Info"":{""Booth"":""Please look for InTag booth"",""toll_cost"":1}}"
